date,AdrActCnt,AdrBal1in100KCnt,AdrBal1in100MCnt,AdrBal1in10BCnt,AdrBal1in10KCnt,AdrBal1in10MCnt,AdrBal1in1BCnt,AdrBal1in1KCnt,AdrBal1in1MCnt,AdrBalCnt,AdrBalNtv0.001Cnt,AdrBalNtv0.01Cnt,AdrBalNtv0.1Cnt,AdrBalNtv100Cnt,AdrBalNtv100KCnt,AdrBalNtv10Cnt,AdrBalNtv10KCnt,AdrBalNtv1Cnt,AdrBalNtv1KCnt,AdrBalNtv1MCnt,AdrBalUSD100Cnt,AdrBalUSD100KCnt,AdrBalUSD10Cnt,AdrBalUSD10KCnt,AdrBalUSD10MCnt,AdrBalUSD1Cnt,AdrBalUSD1KCnt,AdrBalUSD1MCnt,AssetEODCompletionTime,BlkCnt,BlkSizeMeanByte,BlkWghtMean,BlkWghtTot,CapAct1yrUSD,CapMVRVCur,CapMVRVFF,CapMrktCurUSD,CapMrktFFUSD,CapRealUSD,DiffLast,DiffMean,FeeByteMeanNtv,FeeMeanNtv,FeeMeanUSD,FeeMedNtv,FeeMedUSD,FeeTotNtv,FeeTotUSD,FlowInExNtv,FlowInExUSD,FlowOutExNtv,FlowOutExUSD,FlowTfrFromExCnt,HashRate,HashRate30d,IssContNtv,IssContPctAnn,IssContPctDay,IssContUSD,IssTotNtv,IssTotUSD,NDF,NVTAdj,NVTAdj90,NVTAdjFF,NVTAdjFF90,PriceBTC,PriceUSD,ROI1yr,ROI30d,RevAllTimeUSD,RevHashNtv,RevHashRateNtv,RevHashRateUSD,RevHashUSD,RevNtv,RevUSD,SER,SplyAct10yr,SplyAct180d,SplyAct1d,SplyAct1yr,SplyAct2yr,SplyAct30d,SplyAct3yr,SplyAct4yr,SplyAct5yr,SplyAct7d,SplyAct90d,SplyActEver,SplyActPct1yr,SplyAdrBal1in100K,SplyAdrBal1in100M,SplyAdrBal1in10B,SplyAdrBal1in10K,SplyAdrBal1in10M,SplyAdrBal1in1B,SplyAdrBal1in1K,SplyAdrBal1in1M,SplyAdrBalNtv0.001,SplyAdrBalNtv0.01,SplyAdrBalNtv0.1,SplyAdrBalNtv1,SplyAdrBalNtv10,SplyAdrBalNtv100,SplyAdrBalNtv100K,SplyAdrBalNtv10K,SplyAdrBalNtv1K,SplyAdrBalNtv1M,SplyAdrBalUSD1,SplyAdrBalUSD10,SplyAdrBalUSD100,SplyAdrBalUSD100K,SplyAdrBalUSD10K,SplyAdrBalUSD10M,SplyAdrBalUSD1K,SplyAdrBalUSD1M,SplyAdrTop100,SplyAdrTop10Pct,SplyAdrTop1Pct,SplyCur,SplyExpFut10yr,SplyFF,SplyMiner0HopAllNtv,SplyMiner0HopAllUSD,SplyMiner1HopAllNtv,SplyMiner1HopAllUSD,TxCnt,TxCntSec,TxTfrCnt,TxTfrValAdjNtv,TxTfrValAdjUSD,TxTfrValMeanNtv,TxTfrValMeanUSD,TxTfrValMedNtv,TxTfrValMedUSD,VelCur1yr,VtyDayRet180d,VtyDayRet30d
11/1/2021,1053426,9575,2247845,15921944,1056,469797,6816004,41,99759,38498819,18822532,9167819,3248508,16193,3,147463,86,807913,2158,0,16508631,504699,26084003,2405291,10305,34173248,7171177,105699,1635820002,148,1304558.98,3582132.831,530155659,5.31407E+11,2.639313473,2.033640333,1.15226E+12,8.87835E+11,4.36574E+11,2.16593E+13,2.16593E+13,7.62E-08,0.00005086,3.107143955,0.00001022,0.624361212,14.71430043,898927.4406,16657.29007,1017628748,14139.57528,863816277,29779,159350397.4,149088822.2,925,1.790073004,0.00490431,56510187.93,925,56510187.93,0.347936073,69.92559548,84.38246538,53.87897754,65.01826584,1,61092.09506,344.7298712,27.82794954,34756704643,6.80E-11,5.89716E-06,0.360269672,4.16979E-06,939.7143004,57409115.37,0.081517499,16456226.24,4774310.426,305777.7883,8698457.395,10406675.4,1823159.906,12251867.27,13607840.46,14509582.16,869393.1767,2808249.583,17084532.92,46.11884137,11085346.55,18494750.79,18850359.63,6562409.246,17452356.21,18787300.57,2059441.499,15572345.81,18854286.18,18817478.88,18625604.51,17865785.95,16181241.86,11908293.91,574214.7705,2631168.34,7902896.773,0,18858310.62,18857726.14,18851390.33,17513667.34,18522365.28,11213638.43,18793537.6,15676660.28,2769877.757,18677521.87,17279803.22,18860962.54,20630292.19,14532723.96,1798745.953,1.09889E+11,2615194.378,1.59768E+11,289324,3.348657407,844833,269729.0229,16478311104,0.753507179,46033.33219,0.00265947,162.472594,13.86401041,0.04099284,0.030560878
11/2/2021,1035030,9573,2248018,15922472,1053,469663,6818131,41,99794,38539337,18822863,9171449,3249538,16208,3,147409,85,807887,2147,0,16648787,513263,26234406,2442969,10485,34266705,7261528,107520,1635906708,158,1244660.639,3507205.443,554138460,5.47522E+11,2.705646798,2.08457034,1.18877E+12,9.1589E+11,4.39366E+11,2.16593E+13,2.16593E+13,9.00E-08,0.00005881,3.706485385,0.00001528,0.963018138,17.69743535,1115376.39,22362.43818,1409387014,26901.23694,1695443659,34507,170117315.4,150037510.1,987.5,1.910923847,0.005235408,62236937.89,987.5,62236937.89,0.348206321,52.16387483,86.36041669,40.18974921,66.5365351,1,63024.74723,363.5684382,30.74962194,34814113758,6.80E-11,5.90885E-06,0.37240368,4.31023E-06,1005.197435,63352314.28,0.0815341,16456719.69,4805825.042,464121.9768,8687409.427,10408868.3,1889233.154,12253108.78,13600707.09,14510033.34,870403.296,2869730.068,17085539.33,46.05785408,11085495.31,18495529.21,18851335.7,6567850.23,17452913.21,18788259.98,2056946.253,15574048.45,18855261.47,18818459.77,18626502.17,17866445.04,16181905.1,11910137.58,574214.7706,2616371.979,7898180.535,0,18859298.99,18858732.24,18852590.86,17528224.45,18529186.12,11243036.8,18795917.89,15707055.84,2765073.386,18678638.01,17281564.83,18861950.04,20630539.06,14532222.62,1798771.682,1.13367E+11,2619441.423,1.6509E+11,300911,3.482766204,875785,361590.2788,22789135920,0.878313347,55355.47668,0.0025978,163.7256884,13.86945555,0.041041994,0.030847294
11/3/2021,1069212,9571,2249501,15928297,1050,469989,6823979,41,99777,38524793,18821266,9178763,3251919,16182,3,147498,87,808323,2158,0,16646735,513361,26211136,2443428,10476,34248913,7264398,107455,1635997762,161,1189601.41,3145637.913,506447704,5.46743E+11,2.69266775,2.074331588,1.18754E+12,9.14834E+11,4.41026E+11,2.16593E+13,2.16593E+13,8.58E-08,0.00005652,3.558272089,0.00001296,0.815909524,16.44169348,1035102.955,24203.3899,1523748173,25187.54034,1585706330,33251,173347392,150894605.7,1006.25,1.947103341,0.00533453,63349456.65,1006.25,63349456.65,0.347773864,60.89587188,85.56887534,46.91192614,65.91909494,1,62955.98176,349.7846845,27.7295517,34941850632,6.80E-11,5.89967E-06,0.371419257,4.29883E-06,1022.691693,64384559.6,0.0815917,16457081.73,4810508.84,495551.7636,8684527.158,10410331.05,1925325.178,12255176.2,13599170.06,14508947.94,913896.7791,2892143.576,17086311.01,46.04011706,11087551.51,18496242.77,18852361.92,6560043.203,17453003.03,18789263.87,2057169.461,15572007.13,18856277.09,18819481.75,18627344.01,17866673.87,16181206.67,11909306.33,574214.7706,2646148.491,7905291.67,0,18860305.19,18859737.49,18853604.41,17527956.87,18529741.08,11243973.69,18796875.07,15704242.03,2775087.826,18679218.11,17280596.78,18862956.29,20630790.63,14531323.47,1798850.02,1.13248E+11,2602806.426,1.63862E+11,290879,3.366655093,869430,309757.5535,19501090889,0.817577665,51471.40458,0.00258634,162.8255739,13.85511798,0.041029347,0.030793821
11/4/2021,998917,9564,2250334,15924499,1049,470129,6825390,42,99804,38545435,18822598,9179116,3253059,16171,3,147557,87,808682,2156,0,16528425,506221,26133071,2413236,10321,34232386,7193081,105896,1636079662,143,1291185.748,3456503.72,494280032,5.28764E+11,2.624435939,2.021963545,1.15813E+12,8.92263E+11,4.41285E+11,2.16593E+13,2.16593E+13,8.55E-08,0.00005521,3.389556666,0.00001641,1.007473735,15.79292177,969588.9016,16251.02444,997713606.5,21571.23876,1324342259,30910,153966938.3,150620912.5,893.75,1.729332807,0.004737898,54870789.17,893.75,54870789.17,0.347776255,66.01719427,83.10103821,50.8621141,64.02414604,1,61393.88998,334.5194001,19.07721641,34941850632,6.80E-11,5.90739E-06,0.362677719,4.19766E-06,909.5429218,55840378.07,0.081624546,16457498.72,4739215.054,410763.0267,8612650.99,10411397.56,1923206.994,12255306.74,13597105.41,14509404.95,872627.4426,2893991.91,17087123.33,45.65690975,11085972,18497089.25,18853238.25,6560399.122,17453293.17,18790173.09,2076469.509,15571607.3,18857161.07,18820380.97,18628232,17867296.46,16181245.79,11907320.26,574214.7706,2649069.526,7906388.097,0,18861198.25,18860614.58,18854296.81,17516558.22,18525602.39,11218680.85,18796615.83,15678383.27,2778008.861,18680175.56,17281038.04,18863850.04,20631014.06,14533415.18,1799052.08,1.10451E+11,2602289.976,1.59765E+11,286047,3.310729167,842974,285741.4686,17542780286,0.774049283,47521.89654,0.0025,153.4847249,13.8567092,0.041035547,0.030560685
11/5/2021,1037437,9551,2248878,15908885,1053,470102,6821973,42,99866,38516093,18802081,9174651,3251422,16129,3,147646,87,808596,2158,0,16484886,504726,26069310,2405207,10282,34138693,7172941,105766,1636165226,155,1242978.606,3307798.71,512708800,5.25963E+11,2.601770641,2.004288425,1.15086E+12,8.86575E+11,4.42339E+11,2.16593E+13,2.16593E+13,9.04E-08,0.00006167,3.762230204,0.00001815,1.107256011,17.41766126,1062579.071,15423.4543,940920797.9,17664.95305,1077665314,29242,166887240.3,151865673.5,968.75,1.87435541,0.00513522,59099408.31,968.75,59099408.31,0.348194373,63.7914195,81.73779638,49.14207337,62.96716422,1,61005.84083,290.9010379,10.07950296,34997691010,6.80E-11,5.90919E-06,0.36049483,4.17239E-06,986.1676613,60161987.38,0.081567255,16458088.52,4754661.315,374616.3945,8621521.744,10417020.84,1929601.725,12254529.39,13589841.48,14509903.37,883777.5754,2910007.109,17087976.43,45.70158791,11082340.13,18498197.5,18854222.84,6568623.75,17455151.49,18791209.96,2078487.62,15573260.8,18858139.35,18821403.45,18629315.77,17869062.09,16183368.37,11900085.72,574637.7707,2651722.641,7908996.965,0,18862165.97,18861578.53,18855235.8,17516019.37,18525637.95,11210830.68,18797379.11,15676940.18,2780661.976,18681167.31,17282269.69,18864818.79,20631256.25,14532617.66,1799098.033,1.09755E+11,2601645.789,1.58716E+11,282446,3.269050926,844937,295726.5874,18041049121,0.761359411,46447.37103,0.002652205,161.7999961,13.84580208,0.041034254,0.02792646
11/6/2021,825483,9561,2249399,15936921,1051,470163,6826063,42,99945,38599341,18845711,9182056,3252622,16141,3,147701,87,808710,2153,0,16551068,506507,26175694,2413543,10314,34282902,7197329,106063,1636252978,154,918042.4935,2494327.701,384126466,5.28463E+11,2.617491648,2.016364868,1.1594E+12,8.93133E+11,4.42942E+11,2.16593E+13,2.16593E+13,7.60E-08,0.00004531,2.78452848,0.00001298,0.797686596,10.74787762,660511.3955,9338.810345,573917090.5,17710.20741,1088381746,22693,165810547.5,152744915.1,962.5,1.862167768,0.00510183,59150489.12,962.5,59150489.12,0.348015853,124.7560658,82.21589381,96.10489046,63.33439116,1,61455.05363,293.4641267,14.21777605,35057852997,6.80E-11,5.86964E-06,0.360718913,4.17499E-06,973.2478776,59811000.51,0.081594537,16458926.83,4747581.471,354994.0647,8599173.536,10417491,1888418.36,12254587.26,13589662.85,14510410.57,823778.9267,2921498.145,17088984.48,45.58079733,11079780.62,18498774.82,18855144.54,6565590.975,17455472.11,18791992.54,2073738.971,15574227.5,18859083.81,18822234.09,18629984.04,17869467.65,16183888.71,11896952.28,574637.7707,2646573.991,7902511.511,0,18863129.48,18862545.6,18856220.13,17519154.15,18527494.1,11211714.5,18798494.2,15681432.62,2775513.327,18682340.74,17284357.84,18865781.29,20631496.88,14533111.75,1799081.363,1.10563E+11,2599415.208,1.59747E+11,237201,2.745381944,738147,151221.3549,9293316473,0.510521015,31374.09637,0.00200935,123.484712,13.82759783,0.040916279,0.027237553
11/7/2021,826432,9561,2249964,15934149,1049,470056,6827216,42,99986,38608228,18842706,9182964,3253398,16133,3,147638,88,808749,2151,0,16668177,513888,26282031,2446021,10472,34336484,7273753,107696,1636339811,153,984349.7255,2632259.157,402735651,5.41841E+11,2.682304639,2.066296254,1.18943E+12,9.16271E+11,4.43436E+11,2.16593E+13,2.16593E+13,6.31E-08,0.0000426,2.685667118,0.0000113,0.712395268,9.49670334,598708.542,8952.908167,564425612.1,9031.651802,569389912.3,22714,164733856.4,154280489.2,956.25,1.849982024,0.005068444,60285661.54,956.25,60285661.54,0.347973202,155.9035898,84.71973875,120.0993351,65.26330987,1,63043.82906,324.0704835,16.89172186,35117663998,6.80E-11,5.86247E-06,0.369592332,4.27769E-06,965.7467033,60884370.08,0.081612088,16459188.07,4735214.013,185811.0849,8594675.296,10416094.97,1869260.749,12254984.75,13584587.03,14510628.55,815766.0138,2909613.079,17089595.91,45.55464492,11080799.54,18499697.83,18856099.26,6565119.08,17456043.71,18792959.4,2074759.511,15576097.24,18860038.08,18823201.12,18630944.33,17870219.06,16184520.69,11897390.31,574637.7707,2660050.116,7902288.996,0,18864086.46,18863518.09,18857367.26,17531750.17,18533542.47,11238188.13,18800670.16,15708812.09,2779089.353,18683307.42,17285354.07,18866737.54,20631735.94,14533870.82,1799439.586,1.13444E+11,2609421.029,1.64508E+11,222930,2.580208333,679533,121015.4145,7629275107,0.451321731,28453.05009,0.001989155,125.4039478,13.81959486,0.040948902,0.027503924
11/8/2021,1018796,9531,2250921,15959137,1046,470307,6832280,42,100039,38679386,18879988,9193930,3254392,16121,3,147786,86,809244,2149,0,17004802,541661,26634891,2545246,11076,34519918,7476670,112815,1636426775,135,1305253.874,3540622.696,477984064,5.80875E+11,2.854649565,2.199088021,1.27435E+12,9.81699E+11,4.46412E+11,2.16593E+13,2.16593E+13,9.69E-08,0.00005808,3.92282516,0.00001704,1.150911514,17.08037981,1153638.837,28135.16859,1900298678,28376.69343,1916611690,33110,145353402.7,154181159.4,843.75,1.632264086,0.004471956,56988356.21,843.75,56988356.21,0.347778485,44.59656978,89.30384128,34.35510389,68.79548719,1,67541.75551,335.7532415,22.77880913,35178548368,6.90E-11,5.92233E-06,0.400004362,4.62968E-06,860.8303798,58141995.05,0.081651242,16460246.48,4733381.097,364115.6338,8600241.49,10423460.09,1887530.784,12261624.29,13581265.02,14511657.1,855016.9873,2895395.414,17090999.95,45.58210911,11069386.6,18500207.46,18856914.93,6561738.839,17456119.31,18793633.22,2080689.647,15574502.64,18860870.36,18823954.65,18631473.86,17870599.08,16184039.93,11888739.63,573335.7657,2643572.283,7900149.094,0,18864931.94,18864405.49,18858659.99,17573696.13,18549042.11,11322973.84,18804371.61,15784166.57,2782406.935,18684266.87,17286472.86,18867581.29,20631946.88,14534698.94,1798912.823,1.21502E+11,2600033.194,1.75611E+11,294064,3.403518519,853472,423072.4781,28575057879,1.28081227,86508.30916,0.002847185,192.3038732,13.85460086,0.040493518,0.029771498
11/9/2021,1195638,9529,2247917,15927471,1049,469837,6820008,43,100028,38618817,18839819,9178233,3250447,16128,3,147777,87,808189,2148,0,16939310,539091,26548679,2533249,11024,34451561,7444303,112449,1636513781,152,1474832,3995387.099,607298839,5.77017E+11,2.825348775,2.176587539,1.266E+12,9.75295E+11,4.48085E+11,2.16593E+13,2.16593E+13,1.02E-07,0.00006794,4.55847409,0.00002304,1.545882294,22.88777828,1535668.888,18850.84211,1264808291,22123.68961,1484401912,32919,163657165.2,154395288.5,950,1.837715907,0.005034838,63740806.39,950,63740806.39,0.348527827,65.24414741,87.99585297,50.26267889,67.79010036,1,67095.58567,337.9658886,22.65816455,35236690363,6.90E-11,5.94467E-06,0.39886109,4.61645E-06,972.8877783,65276475.28,0.081519219,16460882.73,4698351.307,490645.0223,8599919.789,10426772.49,1933384.16,12261565.19,13579451.7,14512452.12,896513.0938,2892983.871,17091758.35,45.57810916,11074935.29,18501799.98,18857888.68,6576208.214,17459133.68,18794724.16,2110604.672,15579302.15,18861831.2,18824997.83,18632935.17,17872912.91,16188889.87,11895094.91,573335.7657,2663355.392,7907293.487,0,18865881.79,18865351.65,18859582.3,17573583.35,18549293.22,11321168.26,18805160.34,15783683.26,2792294.675,18685557.82,17289145.21,18868531.29,20632184.38,14535908.08,1799059.043,1.20709E+11,2604534.628,1.74753E+11,336872,3.898981481,937311,289198.833,19403965076,0.8125695,54519.82652,0.00260237,174.6075393,13.86230056,0.040420271,0.029786252
11/10/2021,1022756,9533,2247487,15936837,1046,469399,6818061,43,100032,38667919,18858892,9176521,3250152,16117,3,147614,87,807799,2151,0,16776457,520011,26430239,2473105,10588,34449063,7331466,108830,1636600480,149,1358430.94,3742382.067,557614928,5.57312E+11,2.721054646,2.096649009,1.22191E+12,9.41518E+11,4.49058E+11,2.16593E+13,2.16593E+13,9.10E-08,0.00006223,4.029770732,0.00002016,1.305482532,18.41248483,1192320.303,20992.77706,1359409908,23480.22274,1520487134,32119,160427088.5,154930266.7,931.25,1.801356286,0.004935223,60304097.61,931.25,60304097.61,0.348222752,74.40082965,84.32707296,57.32792836,64.97637755,1,64756.07797,322.7097895,13.03368397,35301966838,6.90E-11,5.91959E-06,0.38332939,4.43668E-06,949.6624848,61496417.91,0.081506187,16462549.95,4704211.871,383659.2028,8606327.473,10436591.24,1945706.824,12264986.27,13581317.36,14515874.35,844707.4313,2886715.148,17093582.88,45.60981774,11079505.48,18502668.28,18858789.31,6570776.173,17460047.69,18795572.89,2107167.931,15582833.56,18862745.69,18825848.87,18633835.87,17873900.06,16190151.95,11898362.63,573335.7657,2660994.734,7910012.521,0,18866812.17,18866256.51,18860222.48,17546373.74,18541141.01,11259511.58,18804329.45,15732554.97,2789934.017,18686818.15,17292121.13,18869462.54,20632417.19,14539450.73,1798124.807,1.1644E+11,2608639.306,1.68925E+11,295892,3.424675926,864710,253618.9802,16423370456,0.722573081,46790.99877,0.00256849,166.3253387,13.86186501,0.040506608,0.029793699
11/11/2021,1037951,9529,2247489,15931866,1046,469588,6819467,42,99976,38651727,18852060,9177744,3250903,16106,3,147696,88,807826,2153,0,16786032,521091,26430585,2476940,10596,34435001,7342299,108929,1636685594,158,1229490.342,3256594.709,514541964,5.5898E+11,2.723236415,2.098178638,1.22588E+12,9.44507E+11,4.50155E+11,2.16593E+13,2.16593E+13,7.86E-08,0.00005207,3.382619832,0.00001512,0.982239521,15.26061088,991374.0161,17643.47922,1146172129,19359.00258,1257617555,28236,170117315.4,156183808,987.5,1.910063068,0.00523305,64150894.65,987.5,64150894.65,0.348143098,81.90965926,84.15273185,63.109136,64.83736164,1,64962.93129,312.954902,15.60025937,35428605525,6.80E-11,5.89452E-06,0.382925562,4.43201E-06,1002.760611,65142268.67,0.081501883,16462761.4,4684135.261,367773.9405,8604601.272,10439934.43,1944060.669,12268079.33,13579457.67,14515583.73,819639.2731,2894864.814,17094503.16,45.59828331,11081759.76,18503555.43,18859785.43,6569616.944,17461089.77,18796597.17,2093580.573,15581662.1,18863740.1,18826873.11,18634820.24,17874765.71,16190853.16,11899229.54,573335.7658,2677104.827,7912755.997,0,18867799.73,18867247.29,18861241.05,17548790.11,18542620.08,11263441.01,18805499.57,15733845.8,2796144.011,18687636.36,17292364.47,18870450.04,20632664.06,14539161.91,1798347.108,1.16826E+11,2606931.599,1.69354E+11,293052,3.391805556,852800,230381.2543,14966241596,0.716789772,46564.76473,0.00228577,148.4903195,13.86363249,0.040237218,0.029467216
11/12/2021,975353,9540,2247479,15945511,1044,469612,6823796,42,99980,38702001,18873133,9184676,3251774,16124,3,147720,88,807822,2153,0,16742856,517322,26409729,2461293,10533,34461967,7310689,108332,1636775868,142,1266750.655,3376879.69,479516916,5.51206E+11,2.650242501,2.042072316,1.20926E+12,9.31759E+11,4.56281E+11,2.16593E+13,2.16593E+13,8.52E-08,0.0000533,3.415408996,0.00001559,0.998991112,15.32233862,981839.6467,16423.21448,1052382636,29747.93284,1906216837,28596,152890245.6,155709410.2,887.5,1.716558245,0.004702899,56870084.13,887.5,56870084.13,0.347990641,52.90831548,81.95128527,40.76706425,63.14533513,1,64078.96804,293.3683006,11.73531837,35428605525,6.80E-11,5.90504E-06,0.378388586,4.3795E-06,902.8223386,57851923.78,0.081511184,16464368.21,4681222.232,582721.5228,8601977.251,10442765.15,2105076.634,12270583.93,13576740.93,14516406.35,999794.4235,3075785.529,17096244.27,45.58223407,11082341.75,18504067.56,18860649.17,6567048.851,17461680.69,18797390.32,2086788.191,15582080.95,18864614.79,18827706.08,18635445.15,17875323.67,16191541.61,11900760.94,564457.7656,2670160.673,7910996.059,0,18868686.87,18868124.22,18862016.97,17543501.34,18540712.39,11252644.25,18805737.75,15724922.13,2789199.857,18688564.49,17294029.85,18871337.54,20632885.94,14540796.15,1797385.413,1.15175E+11,2603291.85,1.66816E+11,287476,3.327268519,848836,356679.992,22855685808,0.880268188,56406.67709,0.00234101,150.009505,13.86852417,0.040214427,0.02950553
11/13/2021,828248,9537,2248125,15959596,1046,469694,6827254,42,99965,38760601,18896780,9190754,3253025,16096,3,147695,88,807927,2154,0,16782003,518640,26480400,2467562,10545,34527481,7328241,108542,1636857536,153,962627.0065,2573462.007,393739687,5.5336E+11,2.661045966,2.050173176,1.21533E+12,9.36341E+11,4.56713E+11,2.16593E+13,2.16593E+13,6.88E-08,0.00004316,2.779408668,0.00001206,0.776637362,10.13320395,652555.9522,8584.961762,552852575,8767.410535,564601873,20418,164733856.4,156684614,956.25,1.849437334,0.005066952,61580387.84,956.25,61580387.84,0.348256631,135.7551081,82.06635347,104.5910084,63.22710644,1,64397.79121,294.3511554,12.22248324,35486457449,6.80E-11,5.86633E-06,0.37777871,4.37244E-06,966.383204,62232943.79,0.081538747,16463663.62,4675683.833,493495.2484,8592834.592,10431381.05,2092029.015,12272857.75,13572273.03,14515946,958503.7926,3062281.423,17096904.76,45.53147957,11083188.31,18504741.28,18861576.88,6572401.455,17462039.29,18798237.45,2086243.182,15582003.71,18865556.55,18828590.45,18636196.02,17875711.63,16191488.69,11899094.5,564457.7657,2670181.794,7913420.67,0,18869643.24,18869082.99,18862984.05,17545782.7,18542264.85,11255809.11,18806805.54,15728382.55,2789220.978,18689641.81,17295513.6,18872293.79,20633125,14539948.2,1797548.841,1.15758E+11,2604179.861,1.67703E+11,234794,2.717523148,720298,139017.191,8952400041,0.467256985,30090.31776,0.001855875,119.5142508,13.85676254,0.039976179,0.02950053
11/14/2021,806451,9535,2249293,15987005,1045,469816,6831717,42,99984,38817842,18934450,9200428,3254305,16095,3,147767,88,808196,2153,0,16858385,521688,26582573,2480507,10604,34598809,7362850,109003,1636945913,157,877793.758,2334000.962,366438151,5.58693E+11,2.684880108,2.068291591,1.22737E+12,9.45503E+11,4.57142E+11,2.26741E+13,2.24673E+13,6.40E-08,0.00003957,2.573325169,0.00000988,0.642518389,8.81751712,573422.7631,10510.32288,683509689.2,10232.5387,665444765.9,20574,175346393,157881717.2,981.25,1.897689969,0.005199151,63812871.42,981.25,63812871.42,0.348220597,152.5564357,82.80568781,117.5215206,63.78918271,1,65032.22565,303.8764452,5.836241162,35548690392,6.50E-11,5.64635E-06,0.36719486,4.24994E-06,990.0675171,64386294.19,0.081582509,16463935.33,4668694.906,179336.6747,8591020.473,10428253.05,2040247.732,12269984.27,13568838.97,14514650.86,945623.2241,3061453.649,17097753.1,45.51950021,11082033.43,18505387.8,18862536.46,6572063.094,17462169.55,18799035.66,2086625.238,15581404.43,18866531.14,18829465.37,18636863.28,17876049.49,16191566.3,11898122.4,564457.7657,2672001.897,7913028.749,0,18870624.72,18870071.81,18864019.9,17550443.94,18544733.96,11264106.94,18808072.21,15734657.01,2791041.081,18690622.91,17296667.07,18873275.04,20633370.31,14538986.65,1797689.33,1.16908E+11,2603799.372,1.69331E+11,222847,2.579247685,679130,123713.398,8045357615,0.570636023,37109.73058,0.00181768,118.2077759,13.85856878,0.039956142,0.02690502
11/15/2021,1083387,9541,2249663,15969841,1048,469672,6832560,43,99884,38752136,18901553,9201325,3254665,16082,3,147590,88,808198,2158,0,16746062,516274,26417609,2458376,10502,34498045,7310025,108081,1637031367,151,1363025.192,3578916.166,540416341,5.48062E+11,2.626068388,2.02263845,1.2033E+12,9.26798E+11,4.58213E+11,2.26741E+13,2.26741E+13,6.17E-08,0.00004356,2.777102598,0.00000972,0.619684051,12.69006693,809036.2221,17828.83417,1136650635,14110.87025,899617411.1,30093,170197841.2,159170905.6,943.75,1.825075555,0.005000207,60167368.61,943.75,60167368.61,0.348725996,62.98664046,80.34617703,48.51328374,61.88386704,1,63753.50316,298.7895179,4.630468424,35613076687,6.50E-11,5.61958E-06,0.358267792,4.14662E-06,956.4400669,60976404.83,0.081601226,16464932.88,4673153.451,337651.7061,8596580.47,10430068.21,2048291.205,12268062.42,13561454.5,14513209.95,1005448.986,3072001.902,17099204.29,45.5466823,11089690.74,18506391.55,18863524.43,6581930.755,17462829.62,18800088.64,2104793.628,15582846.25,18867496.41,18830524.26,18637880.99,17876831.39,16192008.73,11903028.52,564664.7657,2671530.405,7920944.954,0,18871567.94,18871000.96,18864859.66,17542920.59,18542248.6,11254889.93,18808294.65,15723345.35,2790569.59,18691159.56,17296176.13,18874218.79,20633606.25,14537214.95,1797816.823,1.14617E+11,2606243.926,1.66157E+11,291313,3.371678241,834489,299654.318,19104012510,0.936621446,59712.89831,0.00250153,159.4813008,13.88112137,0.03877822,0.027136487
11/16/2021,1030573,9527,2249642,15976501,1042,469625,6834158,43,99903,38763753,18911559,9202542,3254905,16115,3,147552,88,808154,2155,0,16513939,501628,26209510,2394397,10200,34365687,7160720,105392,1637118959,150,1257035.68,3334509.14,500176371,5.19325E+11,2.481173721,1.910950934,1.1386E+12,8.76925E+11,4.58894E+11,2.26741E+13,2.26741E+13,6.92E-08,0.00004335,2.614980282,0.00001029,0.620718503,13.05594208,787567.0381,23483.97845,1416612240,34279.56475,2067828971,31845,169070703.9,159532523.1,937.5,1.8128989,0.004966846,56552341.74,937.5,56552341.74,0.348533012,38.20333935,74.78437799,29.42345648,57.59744904,1,60322.49785,260.2837217,-1.854349673,35674053092,6.50E-11,5.62224E-06,0.339147513,3.92532E-06,950.5559421,57339908.78,0.081602702,16463867.68,4641786.571,433409.9231,8609140.121,10433735.9,2087808.224,12272058.13,13558955.06,14513064.99,1003806.553,3111924.13,17100090.59,45.61096072,11086406.3,18507195.46,18864454.07,6578615.067,17463645.5,18800999.44,2108604.532,15584183.83,18868431.96,18831433.8,18638740.32,17877662.08,16192780.28,11905241.77,564664.7657,2683149.026,7921706.496,0,18872503.1,18871902.81,18865404.85,17520215.64,18532747.03,11205395.55,18806773.94,15681107.4,2802188.21,18692083.17,17297353.73,18875156.29,20633840.63,14537272.11,1797941.521,1.08456E+11,2607582.631,1.57296E+11,301154,3.485578704,875206,494070.8486,29803587705,1.719823041,103744.0217,0.0028,168.902994,13.93370147,0.038580881,0.029004778
11/17/2021,993545,9514,2250622,15977989,1039,469795,6838697,44,99961,38759181,18906989,9208936,3256821,16109,3,147637,88,808372,2157,0,16506440,501166,26191161,2392506,10164,34355317,7159144,105349,1637203603,149,1366815.886,3551643.564,529194891,5.1845E+11,2.470657927,1.902992723,1.13548E+12,8.74587E+11,4.59585E+11,2.26741E+13,2.26741E+13,6.52E-08,0.000046,2.767098185,0.00001075,0.646658815,13.27404227,798490.832,24160.52275,1453359536,34717.63131,2088415100,27735,167943565,160244591.9,931.25,1.800724069,0.004933491,56018699.67,931.25,56018699.67,0.34812383,41.01307337,73.43866317,31.5897961,56.56519263,1,60154.30837,240.1975613,-2.941006329,35731393000,6.50E-11,5.62406E-06,0.338311209,3.91564E-06,944.5240423,56817190.5,0.081644485,16464358.06,4602498.215,418810.931,8618670.692,10440800.4,2104615.977,12279712.55,13555149.22,14514519.71,967444.3835,3119066.649,17100802.44,45.65920068,11082625.59,18507868.35,18865395.4,6571215.883,17463874.9,18801924.87,2114437.32,15583539.57,18869365.58,18832387.1,18639544.29,17877980.96,16192331.29,11902413.2,566311.7659,2678345.803,7921873.068,0,18873434.25,18872832.31,18866331.37,17519407.66,18532946.46,11197684.03,18807598.81,15678773.22,2797384.987,18692728.58,17297097.76,18876087.54,20634073.44,14539065.42,1798179.529,1.08168E+11,2627202.371,1.58038E+11,288569,3.339918981,828898,460245.6239,27685757186,1.631983385,98170.8318,0.00264203,158.9294873,13.972326,0.037917213,0.028957297
11/18/2021,990087,9527,2250684,15998410,1044,469881,6842607,44,99889,38813204,18925120,9216037,3257370,16132,3,147840,86,808406,2168,0,16283043,486483,26019500,2324218,9886,34310905,7014386,102782,1637292309,144,1271976.924,3355722.319,483224014,4.89211E+11,2.337640429,1.800501876,1.0721E+12,8.25757E+11,4.58626E+11,2.26741E+13,2.26741E+13,6.51E-08,0.00004033,2.290508296,0.00001008,0.572485089,11.92314855,677165.1543,57215.0624,3227281810,51698.54142,5049686437,16520,162307875.2,160496947.8,900,1.740214114,0.00476771,51114740.06,900,51114740.06,0.347487586,49.46222531,68.73990999,38.09688966,52.94498477,1,56794.15563,218.9842426,-11.66065865,35788210191,6.50E-11,5.61848E-06,0.319096687,3.69325E-06,911.9231486,51791905.22,0.081655112,16464782.51,4587854.061,449576.6273,8613754.843,10441628.99,2101085.996,12280540.98,13551146.92,14514624.07,969729.4087,3126553.557,17101540.04,45.6309823,11084189.5,18508431.89,18866282.7,6559518.825,17464461.1,18802692.03,2107458.974,15581702.5,18870249.88,18833202.08,18640181.97,17878526.79,16193563.57,11905549.51,567495.7659,2633015.354,7918620.993,0,18874332.59,18873694.39,18866801.35,17494709.53,18521828.36,11149544.18,18805821.82,15634307.01,2771913.229,18693708.81,17298689.6,18876987.54,20634298.44,14539469.4,1798265.116,1.02131E+11,2631120.622,1.49432E+11,295608,3.421388889,869683,381644.5262,21675178613,1.196857647,67974.51945,0.00259737,147.515436,13.98766321,0.038173733,0.029824158
11/19/2021,976682,9528,2251350,16026294,1043,469888,6848914,44,99964,38872606,18958776,9227573,3259131,16119,3,147829,86,808368,2170,0,16407767,491899,26157638,2348066,9990,34405057,7078262,103653,1637380029,137,1280962.212,3393490.277,464908168,4.99412E+11,2.386217,1.837912018,1.09518E+12,8.4353E+11,4.58961E+11,2.26741E+13,2.26741E+13,7.78E-08,0.00004811,2.791057051,0.0000141,0.817998429,13.65636609,792261.4191,25055.20852,1416394071,31198.92128,1844100079,11955,154417909.2,160685965.7,856.25,1.655545283,0.004535741,49674550,856.25,49674550,0.347499142,43.4329489,69.29399663,33.45292518,53.37162093,1,58014.07299,225.5802894,-12.18211431,35840002096,6.50E-11,5.63346E-06,0.326819678,3.78264E-06,869.9063661,50466811.42,0.081683838,16465088.2,4588214.403,450807.1186,8608470.41,10442746.49,2072257.64,12280826.79,13549785.99,14514077.13,970767.7306,3131481.059,17102347.97,45.60091981,11083309.51,18508751.27,18867117.29,6560034.528,17464694.37,18803365.19,2113570.547,15582573.18,18871094.58,18833950.98,18640655.11,17878689.26,16193527.1,11903168.61,568529.7659,2639294.158,7922907.431,0,18875189.45,18874564.98,18867804.79,17504373.32,18526188.3,11166646.1,18807498.64,15649044.55,2778128.811,18694486.8,17300232.88,18877843.79,20634512.5,14540092.53,1798251.564,1.04324E+11,2632854.91,1.52743E+11,283868,3.285509259,852183,434643.3818,25215432875,1.159333892,67257.68105,0.002626875,152.395718,14.01337555,0.037706251,0.029628816
11/20/2021,848464,9521,2252141,16043054,1045,469964,6849244,44,99927,38929903,18985576,9231583,3260112,16134,3,147781,87,808475,2171,0,16559545,499860,26320136,2387183,10139,34510438,7157948,105110,1637464974,145,1036847.855,2783970.952,403675788,5.14136E+11,2.455017801,1.891077954,1.128E+12,8.68885E+11,4.59465E+11,2.26741E+13,2.26741E+13,8.24E-08,0.00004988,2.980303754,0.00001207,0.721176149,12.39554839,740627.494,11184.52854,649079218.3,12931.37726,783098069.6,15620,163435012.5,161208830.6,906.25,1.752135342,0.004800371,54147960.65,906.25,54147960.65,0.347739011,91.82483133,70.94055605,70.73183506,54.64486715,1,59749.47382,220.1359419,-4.207548995,35890468907,6.50E-11,5.62086E-06,0.335843509,3.88708E-06,918.6455484,54888588.15,0.081708777,16465386.31,4574624.847,335132.2185,8604855.756,10443407.23,2027396.407,12280774.5,13544794.76,14515529.38,760507.25,3130974.746,17103037.97,45.57958412,11083036.33,18509507.15,18867995.69,6564877.877,17465049.1,18804136.9,2112559.136,15582444.34,18871988.03,18834769.57,18641446.98,17879102.12,16193403.49,11905571.7,568529.7659,2649185.357,7925568.857,0,18876096.54,18875490.01,18868912.66,17518123.95,18533451.49,11192953.98,18809618.58,15674295.88,2778124.639,18695610.25,17301702.38,18878750.04,20634739.06,14542130,1798288.292,1.07447E+11,2632048.215,1.57263E+11,248520,2.876388889,745110,205595.2597,12284208586,0.631242363,37716.39907,0.00213205,127.3888657,14.00165399,0.036973735,0.028483516
11/21/2021,842004,9516,2252570,16043764,1046,470092,6852320,44,99895,38913595,18979484,9237284,3261395,16133,3,147829,87,808766,2168,0,16506027,497134,26253885,2372350,10090,34471705,7130463,104585,1637548660,132,1118569.568,2952256.727,389697888,5.07328E+11,2.42487988,1.867778345,1.11451E+12,8.58459E+11,4.59615E+11,2.26741E+13,2.26741E+13,6.16E-08,0.00004159,2.455166836,0.00000856,0.505319262,9.10203294,537316.8891,10631.39221,627598980.2,16043.20793,947072663.2,19139,148782219.5,160910500.8,825,1.594977621,0.004369802,48701914.88,825,48701914.88,0.348015322,145.2867594,70.1088448,111.9080022,54.00176034,1,59032.6241,215.5712837,-2.828503552,35945357496,6.50E-11,5.60619E-06,0.330948362,3.83042E-06,834.1020329,49239231.77,0.081738191,16465940.98,4561612.171,244988.4167,8594030.229,10438710.98,1995769.436,12279957.02,13541553.65,14516478.28,763256.4957,3129192.113,17103791.24,45.52025249,11082393.71,18510142.27,18868840.36,6570381.388,17465390.37,18804956.19,2111806.18,15581543.98,18872822.47,18835626.38,18642189.16,17879656.18,16193459.21,11905829.92,568529.7661,2649529.057,7925344.368,0,18876921.17,18876307.24,18869665.83,17513663.17,18531519.58,11184927.22,18809923.51,15665088.68,2778468.34,18696153.5,17301394.47,18879575.04,20634945.31,14542106.49,1798334.848,1.0616E+11,2633405.545,1.55457E+11,218828,2.532731481,678017,129946.9761,7671110992,0.474531716,28012.85244,0.00209239,123.5192723,13.99647259,0.036979076,0.028169931
11/22/2021,947435,9525,2254002,16069587,1044,470272,6858990,44,99909,38971500,19013664,9247660,3262970,16133,3,147849,87,809160,2167,0,16328623,485396,26123668,2320880,9855,34449218,7014982,102542,1637638696,141,1211038.745,3282039.383,462767553,4.8449E+11,2.319018826,1.786003237,1.06455E+12,8.19866E+11,4.59051E+11,2.26741E+13,2.26741E+13,7.46E-08,0.00004441,2.503994161,0.00001032,0.5818784,12.74248227,718466.5885,30627.01215,1726860157,32249.28875,1818329897,27935,158926461.7,161382911.1,881.25,1.703646589,0.004667525,49688017.43,881.25,49688017.43,0.34751858,57.02936606,66.51205907,43.92143402,51.22457456,1,56383.56588,205.0614269,-7.945322755,35994596727,6.50E-11,5.6252E-06,0.317168604,3.67093E-06,893.9924823,50406484.02,0.081801349,16466630.24,4552276.598,387505.1866,8592748.211,10439504.24,2010411.917,12282173.01,13537638.99,14515632.92,849406.6479,3135838.632,17104779.73,45.51133764,11081514.61,18510606.45,18869699.12,6561309.367,17465126.95,18805687.44,2103991.757,15580472.58,18873694.14,18836412.12,18642698.26,17879655.05,16192584.32,11904184.66,569383.7661,2644461.699,7918762.505,0,18877801.05,18877156.71,18870172.74,17492768.67,18522830.44,11141767.83,18808539.32,15628487.6,2773400.982,18696965.81,17302029.31,18880456.29,20635165.63,14540872.05,1798271.591,1.01393E+11,2639699.137,1.48836E+11,286930,3.320949074,823898,331065.5123,18666654123,0.987525081,55680.18544,0.00262289,147.8878911,14.0206184,0.037118296,0.029274444
11/23/2021,909010,9537,2256825,16109178,1043,470595,6871643,43,99953,39050541,19064005,9265816,3267280,16148,3,148030,87,809775,2169,0,16469677,491371,26286398,2347683,9978,34565897,7088263,103444,1637721918,132,1188935.447,3105655.992,409946591,4.95128E+11,2.368765838,1.82430689,1.08836E+12,8.38201E+11,4.59463E+11,2.26741E+13,2.26741E+13,7.63E-08,0.00004235,2.441149957,0.00001056,0.608702327,11.97805296,690442.1125,22711.5326,1309144199,23509.71545,1355153267,26541,148782219.5,161250965.4,825,1.594833519,0.004369407,47554869.28,825,47554869.28,0.346958321,44.86813595,67.33448847,34.55523051,51.85770973,1,57642.2658,213.7291522,-5.295584622,36045003211,6.50E-11,5.62553E-06,0.324267991,3.7531E-06,836.978053,48245311.4,0.081917294,16466680.58,4544955.943,454173.5177,8589661.234,10443138.46,2020054.484,12282625.72,13537416.62,14514520.32,864624.2663,3132299.186,17105351.16,45.49299966,11076582.8,18510656.32,18870495.12,6551017.646,17463955.43,18806307.49,2085122.753,15577222.74,18874505.74,18837108.32,18642961.71,17878865.58,16191124.01,11899571.2,569383.7661,2640529.098,7913056.698,0,18878626.71,18877996.69,18871146.81,17501509.59,18527086.81,11156269.19,18810223.26,15640302.64,2769468.381,18697493.53,17301912.61,18881281.29,20635371.88,14541433.77,1798494.931,1.03669E+11,2626259.539,1.51384E+11,282832,3.273518519,811577,420817.1543,24256854262,1.23348268,71100.73652,0.002617815,150.896788,14.04535904,0.037118929,0.029612642
11/24/2021,1071921,9538,2259262,16111106,1048,470827,6884365,43,100081,39025248,19056004,9281204,3271818,16150,3,148065,85,810310,2169,0,16431708,489027,26219385,2340298,9930,34520994,7077429,103206,1637808765,157,1241114.331,3130634.79,491509662,4.90283E+11,2.346842971,1.806824636,1.07897E+12,8.30692E+11,4.59753E+11,2.26741E+13,2.26741E+13,7.21E-08,0.00004764,2.722236799,0.00001197,0.68398771,14.05593146,803181.6513,25624.80885,1464248481,21034.27948,1201937230,27629,176960669.9,161093273.7,981.25,1.89678674,0.005196676,56070421.06,981.25,56070421.06,0.347118608,30.91403487,65.54613919,23.80058678,50.46369977,1,57141.83038,198.3868474,-9.344258612,36093248523,6.50E-11,5.62445E-06,0.321391204,3.71981E-06,995.3059315,56873602.71,0.082029269,16467267.03,4543157.496,406671.2725,8580100.361,10388771.77,1996716.543,12281768.12,13532435.21,14512928.96,845469.59,3132159.022,17106168.1,45.44000138,11071964.27,18511030.16,18871506.5,6554384.689,17463153.08,18807324.45,2081667.233,15576118.05,18875502.19,18838169.34,18643622.01,17878450.16,16189056.88,11894874.82,569999.7661,2613852.789,7908791.851,0,18879607.64,18878971.49,18872088.72,17496217.68,18525751.79,11143122.73,18810830.56,15632818.01,2762554.144,18697677.4,17300037.85,18882262.54,20635617.19,14537375.35,1798458.714,1.02767E+11,2632270.833,1.50413E+11,295032,3.414722222,861821,610799.0311,34902174629,1.80021925,102867.823,0.00261465,149.4058868,14.09400759,0.036629853,0.028804482
11/25/2021,973237,9527,2261886,16150219,1047,471355,6894267,44,100116,39123776,19109927,9295889,3275809,16150,3,148226,85,811067,2169,0,16624281,498471,26438662,2382641,10102,34673895,7178455,104855,1637899928,130,1249011.408,3301213.769,429157790,5.07231E+11,2.40492321,1.851489347,1.11426E+12,8.57844E+11,4.63327E+11,2.26741E+13,2.26741E+13,9.16E-08,0.00005165,3.047797056,0.00001553,0.91640442,14.86599631,877222.4546,17144.87786,1011696191,24241.61792,1430465280,19064,146527943.3,160986016,812.5,1.570520175,0.004302795,47944532.58,812.5,47944532.58,0.346936731,30.55636903,66.63241531,23.52457305,51.29860554,1,59008.65548,214.7397926,-2.293812708,36150122125,6.50E-11,5.64647E-06,0.333190748,3.85637E-06,827.3659963,48821755.03,0.082129603,16467675.09,4620084.023,474444.4724,8595869.37,10393768.73,2071480.894,12281809,13533063.95,14511217.21,941753.9754,3229614.949,17106804.12,45.52155489,11064461.31,18511189.86,18872278.43,6551232.317,17462220.96,18807919.04,2100720.49,15572575.18,18876295.77,18838832.15,18643977.1,17877818.33,16187149.29,11888745.48,570104.7661,2617522.134,7905914.232,0,18880421.09,18879805.68,18873124.89,17510634.73,18532747.36,11167102.41,18812994.66,15657016.36,2766283.079,18698448.54,17300145.56,18883075.04,20635820.31,14537600.26,1798455.848,1.06124E+11,2627215.799,1.55028E+11,287824,3.331296296,870763,617975.0946,36465879454,2.250602696,132805.0391,0.002533935,149.5240974,14.16610054,0.036632195,0.028509032
11/26/2021,996141,9527,2264640,16179665,1047,471542,6904618,44,100179,39179780,19146385,9309894,3280269,16164,3,148357,85,811860,2175,0,16241275,475042,26120400,2280380,9582,34569805,6942343,100688,1637980567,132,1338816.409,3489339.523,460592817,4.62333E+11,2.198435955,1.692032843,1.01597E+12,7.81941E+11,4.62131E+11,2.26741E+13,2.26741E+13,8.22E-08,0.0000498,2.679270768,0.00001764,0.949042899,14.52545258,781478.3232,40133.09546,2159185332,24931.77356,1341344821,12428,148782219.5,160720963,825,1.594612329,0.004368801,44385509.72,825,44385509.72,0.346313433,34.03522732,59.87533481,26.19531504,46.08323147,1,53800.61784,214.3713212,-8.132593662,36198943880,6.50E-11,5.64265E-06,0.303577862,3.51363E-06,839.5254526,45166988.04,0.08225853,16468087.07,4601872.728,540851.5127,8593442.987,10395890.96,2081586.614,12282632.42,13528751.27,14510813.4,942728.9157,3246219.769,17107452.29,45.50671719,11058742.6,18511366.16,18873085.03,6539748.251,17460859.71,18808598.01,2093332.014,15570190.94,18877113.01,18839564.13,18644386.69,17877189.24,16185545.13,11884107.24,571095.7662,2609820.89,7901436.644,0,18881243.26,18880565.05,18873200.45,17467416.14,18514314.82,11069038.15,18809304.66,15579727.78,2758522.245,18698953.6,17299608.16,18883900.04,20636026.56,14534050.45,1798422.88,96756262088,2624868.365,1.4122E+11,291679,3.375914352,880916,554833.9626,29850409985,1.879027123,101092.8202,0.00267798,144.0769786,14.21473683,0.037267568,0.032662569
11/27/2021,777970,9504,2266936,16223382,1048,471804,6914809,44,100185,39285721,19206305,9327281,3284045,16149,3,148433,86,812386,2174,0,16351520,478763,26272592,2298344,9647,34698628,6990715,101239,1638067455,143,898947.6853,2380167.14,340363901,4.68838E+11,2.232729652,1.718381985,1.03179E+12,7.94097E+11,4.62119E+11,2.26741E+13,2.26741E+13,6.47E-08,0.00003484,1.903514145,0.00001022,0.558378719,8.31476546,454284.5484,14026.4061,766345074.9,8986.96517,491010772.7,7449,161180737.9,161002301.3,893.75,1.727414951,0.004732644,48830819.95,893.75,48830819.95,0.346550624,97.76178401,60.67938865,75.24067605,46.70084809,1,54635.88246,219.4781355,-9.789039107,36293395973,6.50E-11,5.5966E-06,0.305775399,3.53907E-06,902.0647655,49285104.5,0.082363934,16468443.42,4596524.608,423858.0127,8581139.294,10394373.55,2063124.812,12280632.84,13524961.39,14510697.1,910492.377,3247285.147,17108162.37,45.4394122,11053898.38,18511533.1,18873932.21,6544537.065,17459866.1,18809224.46,2089911.529,15567773.61,18877984.27,18840289.89,18644742.04,17876556.62,16183989.47,11880988.63,571095.7662,2616499.006,7904795.094,0,18882137.45,18881468.11,18874170.35,17472803.92,18517372.2,11080441.81,18810635.39,15587363.64,2755333.658,18699792.45,17300384.18,18884793.79,20636250,14534356.82,1798615.196,98268928461,2624806.212,1.43409E+11,238622,2.761828704,724709,193171.5341,10554097232,0.813864348,44466.19684,0.002053055,112.1704717,14.21027885,0.037139701,0.032127347
11/28/2021,816560,9509,2268380,16234933,1050,471960,6922482,44,100169,39282589,19213749,9336909,3287307,16164,3,148421,86,812737,2173,0,16578604,491322,26456685,2353185,9910,34774892,7127686,103459,1638156633,139,972100.1007,2507703.173,348570741,4.90238E+11,2.336711996,1.798380066,1.08118E+12,8.32095E+11,4.62692E+11,2.23357E+13,2.24525E+13,5.45E-08,0.00003422,1.959046055,0.00000798,0.456843586,7.36850222,421836.2129,13196.39816,755474919.7,6235.531648,356975268.1,6684,155140985.1,160483331.8,868.75,1.679018396,0.00460005,49734694.92,868.75,49734694.92,0.346610168,105.5884328,63.58646435,81.26295969,48.93740869,1,57248.5697,222.6111718,-8.006060386,36293395973,6.50E-11,5.64724E-06,0.323296459,3.74186E-06,876.1185022,50156531.14,0.082436204,16468667.42,4598482.092,222014.9569,8563315.803,10395769.56,2048839.341,12281559.99,13517763.51,14510743.25,923069.6522,3255278.457,17108970.82,45.34294618,11053225.89,18511931.61,18874816.23,6545962.673,17459545.25,18810072.42,2086112.11,15566345.56,18878862.32,18841168.69,18645377.87,17876496.91,16182750.09,11881427.66,571095.7662,2613109.646,7901406.817,0,18883007.63,18882370.95,18875439.82,17494654.37,18527321.4,11125891.95,18813795.5,15625947.47,2751944.298,18700194.78,17299647.7,18885662.54,20636467.19,14534781.82,1798660.974,1.02971E+11,2622639.887,1.50142E+11,215317,2.492094907,658040,178861.0934,10239541770,0.591447419,33859.51877,0.002,114.4971394,14.21224826,0.037258048,0.032957594
11/29/2021,993217,9510,2269822,16247711,1047,472433,6927760,43,100255,39316692,19235399,9343216,3289511,16157,3,148594,86,813344,2175,0,16646447,494491,26539454,2367173,9971,34827287,7162752,103951,1638241142,143,1227668.552,3232871.657,462300647,4.9616E+11,2.359439083,1.815869358,1.09392E+12,8.41904E+11,4.63637E+11,2.23357E+13,2.23357E+13,6.42E-08,0.00003717,2.152912818,0.00000949,0.549667545,11.27630906,653131.8352,21909.82806,1269032813,15186.26153,879599060.9,11184,158774565.9,160617910.7,893.75,1.72725373,0.004732202,51766635.21,893.75,51766635.21,0.345975789,52.14440205,64.03414391,40.13132721,49.28189951,1,57920.71073,218.4054455,-6.190517094,36343552504,6.60E-11,5.70007E-06,0.330152167,3.82121E-06,905.0263091,52419767.05,0.082481189,16466953.63,4597526.337,352076.1902,8566186.864,10398004.04,2041681.94,12282992.91,13508024.02,14511171.99,958846.6663,3260315.261,17109818.9,45.35600207,11047174.41,18512551.83,18875688.32,6534291.217,17459673.59,18810915.87,2058686.414,15563841.75,18879747.96,18842020.58,18646097.46,17876814.55,16181433.14,11874760.74,571095.7662,2604802.728,7897591.216,0,18883901.72,18883273.28,18876407.52,17499468.59,18530119.71,11130364.76,18815155.22,15630503.27,2743637.38,18701004.75,17299492.31,18886556.29,20636690.63,14535454.25,1798828.901,1.04189E+11,2617046.04,1.51581E+11,303388,3.511435185,859247,362197.1976,20978719108,1.088654074,63055.61771,0.00261269,151.3288617,14.23861258,0.037221625,0.033046556
11/30/2021,977183,9507,2273121,16294208,1047,472684,6943873,43,100270,39419108,19293279,9365681,3295039,16156,3,148536,85,814013,2171,0,16624522,490883,26570587,2354594,9895,34903001,7139033,103413,1638329108,134,1251678.754,3258701.097,436665947,4.88908E+11,2.324578694,1.788721648,1.07841E+12,8.2982E+11,4.63918E+11,2.23357E+13,2.23357E+13,7.98E-08,0.00004515,2.577930128,0.000014,0.799358179,13.37980245,763946.7517,24671.46166,1408666762,18149.85039,1036302240,11311,148781761.1,160891728.1,837.5,1.618473693,0.004434175,47818748.22,837.5,47818748.22,0.345592585,32.31137763,62.19500159,24.86302605,47.85793915,1,57097.01279,190.3571465,-7.058029693,36395972271,6.60E-11,5.71898E-06,0.326536631,3.77936E-06,850.8798025,48582694.97,0.08263498,16467517.51,4602037.349,445688.8753,8562754.138,10395102.34,2062113.697,12283907.25,13504283.36,14510614.6,936546.9817,3262800.339,17110721.79,45.33581622,11043618.47,18512355.29,18876488.65,6527343.235,17457858.44,18811515.64,2056931.253,15561600.9,18880563.99,18842706.15,18646213.57,17875537.18,16178730.49,11871447.65,571451.7662,2587809.846,7888053.863,0,18884738.76,18884099.16,18877088.86,17490938.33,18527164.2,11114116.62,18815062.15,15618655.47,2736511.201,18701476.34,17299397.3,18887393.79,20636900,14533511.05,1798673.008,1.02699E+11,2610294.749,1.4904E+11,296340,3.429861111,888788,584543.1293,33375666530,1.532672154,87511.00158,0.00271164,154.8265438,14.27622074,0.037137373,0.033118148
12/1/2021,1057704,9506,2270503,16263744,1041,472382,6931135,44,100200,39420125,19268981,9345860,3290397,16145,3,148665,87,813347,2163,0,16603099,491500,26576836,2354250,9904,34906156,7131705,103470,1638414830,137,1407985.372,3965453.861,543267179,4.89504E+11,2.324286206,1.788537354,1.08004E+12,8.31092E+11,4.64677E+11,2.23357E+13,2.23357E+13,1.05E-07,0.00007124,4.073546645,0.0000247,1.412361063,20.29842941,1160676.573,24509.39594,1401462207,40362.03229,2307925621,13305,152112695.5,160650471.4,856.25,1.654633184,0.004533242,48960897.18,856.25,48960897.18,0.346006127,35.28463927,61.59762804,27.15151653,47.39935142,1,57180.60984,203.8191459,-6.40260448,36444554966,6.70E-11,5.76249E-06,0.329502896,3.81369E-06,876.5484294,50121573.75,0.082503136,16468056.32,4603027.23,458807.5836,8560667.409,10397162.65,2074210.559,12285936.15,13502292.92,14511914.59,955331.2418,3264591.249,17111507.05,45.32271327,11050036.79,18513953.89,18877324.32,6535450.236,17460705.43,18812509.78,2086105.216,15563990.37,18881407.37,18843602.25,18647542.66,17877902.22,16183216.97,11876787.03,571451.7663,2627336.301,7890430.425,0,18885595.06,18884956.88,18877940.28,17495392.5,18529160.2,11122235.66,18816150.48,15623258.12,2756436.4,18703119.48,17302913.25,18888250.04,20637114.06,14534501.24,1798676.035,1.02849E+11,2628042.537,1.50273E+11,284941,3.297928241,842977,535310.8445,30609400543,1.374372362,78587.44982,0.00288813,165.1450347,14.29521901,0.036845871,0.033120139
12/2/2021,1184757,9482,2263618,16211699,1041,471190,6903265,43,100058,39353409,19216550,9308992,3279907,16125,3,148340,89,811071,2155,0,16501121,487275,26456156,2335286,9826,34816327,7073153,102886,1638500717,155,1503257.4,3968529.213,615122028,4.83323E+11,2.300196624,1.769945914,1.06881E+12,8.22421E+11,4.64659E+11,2.23357E+13,2.23357E+13,7.99E-08,0.00005898,3.337259075,0.0000211,1.193899059,18.61142868,1053088.492,25558.01951,1446146703,49017.72848,2773564923,13078,172098305.1,160716504.4,968.75,1.871934219,0.005128587,54814678.34,968.75,54814678.34,0.347309332,41.39091559,60.36535898,31.84931286,46.44969015,1,56582.89377,194.4744732,-10.22114922,36494676540,6.60E-11,5.73719E-06,0.32462706,3.75726E-06,987.3614287,55867766.83,0.082195792,16468415.76,4599548.05,506704.6763,8541864.563,10397780.16,2060643.6,12283669.91,13497738.69,14511872.82,978046.7479,3251894.352,17112328.15,45.22084612,11065448.35,18516425.47,18878302.18,6560401.966,17466430.23,18813698.15,2092427.858,15575000.61,18882385.02,18844666.22,18649519.45,17882258.96,16192025.76,11892490.05,571451.7663,2673846.514,7906902.179,0,18886563.43,18885917.52,18878830.44,17495789.28,18529507.21,11128177.35,18816799.26,15626514.71,2782961.435,18705313.42,17309749.47,18889218.79,20637356.25,14534799.01,1798753.496,1.01779E+11,2646213.613,1.4973E+11,315565,3.652372685,930806,456361.463,25822252181,1.035565932,58595.31712,0.00244506,138.3485702,14.31909368,0.036716204,0.032541859
12/3/2021,1010596,9485,2263542,16222485,1043,471583,6907541,43,100092,39398640,19233281,9315551,3279730,16134,3,148359,90,811661,2155,0,16277237,474629,26298138,2277197,9531,34768753,6939874,100535,1638587210,168,1083237.304,2830696.071,475556940,4.58371E+11,2.184991514,1.681307501,1.01387E+12,7.80154E+11,4.64016E+11,2.23357E+13,2.23357E+13,7.36E-08,0.00004625,2.482312243,0.00001647,0.883971517,13.38733044,718519.6596,24780.9337,1330032759,15495.60187,831673994.3,12978,186532356.8,161156003.2,1050,2.028822388,0.005558418,56355196.87,1050,56355196.87,0.34728407,40.66318323,56.57927846,31.28951053,43.53662917,1,53671.61607,175.6587478,-14.74739244,36607618023,6.60E-11,5.70082E-06,0.305972205,3.54135E-06,1063.38733,57073716.53,0.082220584,16468301.5,4607410.52,467346.6491,8540290.003,10398884.5,2028433.478,12285796.15,13495164.78,14512337.87,911884.9981,3249768.96,17113124.18,45.20999726,11062933.64,18517212.59,18879329.36,6560289.422,17466993.33,18814668.13,2081688.42,15574038.53,18883421.44,18845669.94,18650298.57,17883134.35,16190983.31,11891008.29,571451.7663,2677897.866,7903840.671,0,18887611.77,18886931.23,18879432.07,17472707.15,18519774.08,11071555.58,18815274.67,15582351.82,2777020.796,18706422.28,17310451.76,18890268.79,20637618.75,14535686.03,1798978.729,96554095650,2642190.328,1.41811E+11,289452,3.350138889,887566,464554.5993,24933396094,1.053080859,56520.55155,0.00248638,133.4480328,14.34244954,0.03694474,0.033752739
12/4/2021,961294,9513,2266274,16238607,1045,472180,6920527,44,100241,39456476,19262067,9329074,3284909,16161,3,148539,88,812487,2157,0,15847185,414260,25914484,2135264,8487,34634075,6640079,93494,1638675796,155,1100023.29,2823939.168,437710571,4.19563E+11,2.00916696,1.546010651,9.28688E+11,7.14606E+11,4.62226E+11,2.23357E+13,2.23357E+13,1.05E-07,0.00007312,3.594559882,0.00001536,0.755093542,17.86675665,878325.0365,41617.80957,2045920523,31901.72026,1568280140,14800,172098305.1,161760382.1,968.75,1.871734162,0.005128039,47623494.05,968.75,47623494.05,0.346580265,30.44333634,51.00996082,23.42549084,39.25106488,1,49159.7358,162.423649,-19.92731554,36607618023,6.60E-11,5.73287E-06,0.281826245,3.26188E-06,986.6167567,48501819.09,0.082321233,16468724.85,4612869.651,450664.1832,8534690.24,10397500.95,2003937.486,12036718.99,13491203.97,14512819.36,920603.6445,3253065.371,17113977.11,45.17803675,11055649.56,18517579.28,18880271.8,6547330.105,17466280.17,18815642.82,2090801.943,15571215.68,18884377.78,18846639.17,18650965.27,17882725.28,16188728.08,11882973.63,571451.7664,2643895.319,7890728.553,0,18888576.75,18887814,18879501.41,17351280.27,18491718.87,10852015.33,18810114.95,15437723.28,2762813.717,18707145.25,17309718.63,18891237.54,20637860.94,14536399.92,1799126.633,88444589943,2626514.251,1.29119E+11,244342,2.828032407,796363,620537.6878,30505468787,1.949035364,95814.06355,0.002934385,144.2535913,14.3932171,0.037286217,0.036821866
12/5/2021,978899,9510,2268765,16204511,1045,472473,6937617,42,100308,39346247,19185203,9346014,3288353,16163,3,148662,88,813078,2163,0,15830219,415685,25820933,2141399,8505,34533020,6665752,93731,1638783897,166,1208284.819,2949772.548,489662243,4.20751E+11,2.016818311,1.55191099,9.31901E+11,7.17084E+11,4.62065E+11,2.23357E+13,2.23357E+13,1.06E-07,0.00009572,4.721589399,0.0000288,1.420620296,21.21370298,1046410.312,23581.21238,1163192670,14069.86257,694025428,15070,184311733.4,162341198.6,1037.5,2.004456849,0.005491663,51176859.61,1037.5,51176859.61,0.345900209,56.70695753,50.91584701,43.63514063,39.17896924,1,49327.0936,158.0593269,-19.14365424,36708343112,6.60E-11,5.74415E-06,0.28334208,3.27942E-06,1058.713703,52223269.92,0.082431988,16468968.36,4611568.628,406374.8221,8529823.69,10397658.39,2008124.877,11858682.05,13485718.3,14513518.56,922425.7107,3257201.522,17114828.41,45.14979626,11048970.57,18518133.45,18881395.87,6534841.893,17465701.27,18816964.15,2050684.701,15569456.39,18885435.56,18847955.48,18651650.23,17882482.34,16187642.95,11877325.08,571451.7664,2631812.629,7885384.386,0,18889614.4,18888854.71,18880660.01,17352998.62,18493013.18,10849550.58,18811610.49,15439398.91,2750731.027,18706835.62,17306070.1,18892275.04,20638120.31,14537318.07,1799293.936,88753940417,2615562.043,1.29018E+11,221615,2.564988426,707478,333156.2098,16433627546,1.329914332,65600.80873,0.00220933,108.9798277,14.42451999,0.037279491,0.036874495
12/6/2021,1078373,9491,2271212,16198472,1036,472812,6944550,44,100294,39286031,19171387,9351355,3291529,16149,3,148870,86,813636,2153,0,16006360,459647,25972160,2219033,9245,34561275,6816252,98239,1638848780,172,1103168.895,2885523.157,496309983,4.31221E+11,2.067537538,1.590903198,9.54783E+11,7.34675E+11,4.61797E+11,2.23357E+13,2.23357E+13,7.02E-08,0.00004654,2.35191869,0.00001269,0.641294546,13.32151993,673208.6743,40981.34514,2071009703,56544.59018,2857504909,13379,190973602.2,163179967,1075,2.076788936,0.005689833,54325582.12,1075,54325582.12,0.345201857,34.01883322,51.6326356,26.17639079,39.72964146,1,50535.42522,161.079801,-17.76847917,36708343112,6.60E-11,5.69881E-06,0.287991587,3.33324E-06,1088.32152,54998790.79,0.082512063,16469468.16,4612019.392,406418.5557,8533041.817,10398697.41,2041946.473,11750376.6,13479550.66,14513559.35,993228.6869,3262345.958,17115593.71,45.16426043,11044558.63,18519124.27,18882509.04,6522019.517,17465574.21,18818161.03,2096702.752,15565906.09,18886536.43,18849126.37,18652732.89,17882653.03,16186673.48,11873867.63,574153.7664,2620855.327,7876341.561,0,18890691.19,18889972.36,18882137.77,17440141.73,18509044.75,10996960.28,18815679.93,15526296.56,2759614.488,18707280.62,17303843.66,18893350.04,20638389.06,14537821.18,1799576.033,90942340030,2623279.185,1.32569E+11,286268,3.313287037,848083,555379.1313,28066320560,1.77403966,89651.84857,0.00297481,150.3332883,14.48737531,0.036429272,0.037228753
12/7/2021,983177,9501,2273648,16209029,1037,472957,6955687,43,100322,39309060,19173419,9364618,3295526,16169,3,148732,87,813929,2158,0,16018490,460052,25983550,2222245,9261,34580130,6828353,98298,1638931861,154,1188637.656,3256767.312,501542166,4.32955E+11,2.064377234,1.588315043,9.5557E+11,7.35208E+11,4.62885E+11,2.23357E+13,2.23357E+13,5.89E-08,0.00003787,1.915255286,0.0000083,0.419768125,10.77686925,545034.4811,20247.12318,1023987581,34325.24594,1735981218,11482,170987992.6,163388438.3,962.5,1.859355808,0.005094126,48677930.1,962.5,48677930.1,0.344679482,50.94250101,51.36042454,39.19474568,39.51629264,1,50574.47283,163.6534595,-19.77886878,36763341903,6.60E-11,5.69208E-06,0.287873808,3.33187E-06,973.2768693,49222964.58,0.082604801,16470138.69,4641006.501,446371.1779,8560738.8,10401154.69,2084309.609,11747491.17,13473006,14512804.06,1016614.647,3295840.618,17116489.47,45.3085487,11042701.73,18519564.52,18883480.03,6512481.857,17464966.31,18819103.27,2054064.463,15565817.45,18887493.5,18850096.57,18653384.67,17882221.87,16184730.77,11873634.09,551507.2363,2613432.333,7872746.912,0,18891653.66,18890934.33,18883111.91,17440046.47,18509638.71,10996277.29,18816641.56,15526818.27,2742217.434,18707830.86,17303427.97,18894312.54,20638629.69,14537130.3,1799563.742,91011987596,2632379.511,1.33131E+11,284544,3.293333333,837236,370894.875,18757812780,1.170250032,59184.77846,0.00268333,135.7080002,14.51381614,0.036408552,0.036765474
12/8/2021,927369,9504,2272008,16228460,1036,472458,6956507,44,100217,39368474,19197560,9367838,3293526,16154,3,148687,87,813195,2152,0,16027749,458889,26026754,2218021,9238,34635010,6823240,98116,1639018739,168,963978.2321,2646327.25,444582978,4.32303E+11,2.061718658,1.586135414,9.54228E+11,7.34113E+11,4.62831E+11,2.23357E+13,2.23357E+13,6.61E-08,0.00003993,2.016491128,0.00000989,0.499451472,10.70829969,540776.1413,18536.26358,936093440.2,29126.52405,1470908524,11832,186532356.8,164761070.1,1050,2.028275435,0.005556919,53025687.07,1050,53025687.07,0.345064861,60.9620085,51.08364008,46.8997068,39.30001325,1,50500.65435,175.3432994,-25.23046822,36812564868,6.60E-11,5.68646E-06,0.287169819,3.32373E-06,1060.7083,53566463.21,0.082557702,16471209.35,4635526.851,423254.1249,8560337.355,10404287.07,2101814.53,11750826.33,13467056.5,14513687.43,993629.9054,3294412.015,17118335.73,45.30390638,11051156.03,18520469.79,18884509.38,6520125.64,17466506.46,18820033.97,2082741.846,15568533.56,18888528.83,18851057.56,18654242.69,17883490.23,16187984.7,11879380.74,552028.2363,2626840.064,7875184.88,0,18892703.58,18891982.22,18884121.22,17440270.96,18510031.9,10999641.83,18817454.8,15528010.14,2755625.164,18709241.8,17307362.65,18895362.54,20638892.19,14536708.76,1799713.807,90886724907,2640593.152,1.33352E+11,268196,3.10412037,794683,309953.084,15652833560,0.969158791,48943.1531,0.00260006,131.3047314,14.52641412,0.036404447,0.033862279
12/9/2021,1123743,9485,2265030,16155432,1035,471283,6924788,43,100029,39301999,19122559,9324142,3283374,16099,3,148367,87,811029,2150,0,15657210,406703,25630217,2106568,8356,34421634,6577638,92511,1639105536,163,1331854.037,3772373.086,614896813,4.10474E+11,1.960546628,1.508270709,9.05851E+11,6.96882E+11,4.6204E+11,2.23357E+13,2.23357E+13,5.49E-08,0.00004177,2.00236286,0.000009,0.431440406,11.92808444,571806.3988,20880.54118,1000967684,51995.84193,2492567459,13224,180980797.4,165338524.5,1018.75,1.967804024,0.005391244,48836657.02,1018.75,48836657.02,0.346652615,63.79739502,48.30301691,49.08005801,37.16005757,1,47937.82285,158.0813218,-28.55294075,36915539794,6.60E-11,5.69496E-06,0.2730039,3.15977E-06,1030.678084,49408463.42,0.082235623,16471195.6,4647289.554,490012.7174,8562629.758,10405488.55,2118952.052,11751600.61,13462970.87,14513814.19,1021544.558,3316765.466,17119245.53,45.31359537,11072650.54,18523195.25,18885535.41,6550479.985,17472516.83,18821398.59,2089777.3,15579404.09,18889549.16,18852252.3,18656528.92,17888243.69,16196986.52,11895926.1,552345.2369,2650944.208,7903618.318,0,18893719.42,18892935.91,18884545.01,17343776.67,18491676.47,10847756.77,18814497.15,15429937.84,2779729.308,18711719.38,17314448.54,18896381.29,20639146.88,14537199.98,1799806.284,86278794806,2670606.022,1.28023E+11,285532,3.304768519,860423,296193.6187,14198877219,0.766340724,36736.70587,0.00255022,122.2519946,14.53022506,0.036482201,0.034726307
12/10/2021,930831,9489,2266420,16200870,1033,471759,6934474,44,100082,39398449,19184814,9340756,3284971,16100,3,148477,89,811789,2144,0,15645838,403686,25669965,2092773,8316,34493921,6555156,91758,1639195978,156,1023596.519,2676573.827,417545517,4.06084E+11,1.941373723,1.493493216,8.96438E+11,6.89627E+11,4.61755E+11,2.23357E+13,2.23357E+13,7.34E-08,0.00004327,2.052608898,0.00001193,0.565926142,11.7206627,555995.7602,30823.96808,1441172210,14807.13074,708267492.1,10310,173208616,165764575.4,975,1.883199944,0.005159452,46251298.25,975,46251298.25,0.346406612,55.53266935,47.79110873,42.72112265,36.76556236,1,47437.22897,159.292844,-26.74474665,36915539794,6.60E-11,5.69672E-06,0.270236522,3.12774E-06,986.7206627,46807294.01,0.082302571,16471891.51,4656917.114,474947.1541,8560455.199,10400771,2071873.532,11748566.76,13460571.39,14514020.56,947343.7922,3330049.401,17120067.25,45.29975022,11067199.74,18523586.79,18886475.56,6546169.176,17472264.34,18822128.69,2107930.666,15576058.6,18890509.95,18853073.31,18656959.75,17888396.93,16194944.64,11890006.39,552692.239,2674255.496,7891899.905,0,18894693.94,18893900.09,18885366.32,17336198.18,18488883.11,10833040.39,18814553.25,15409654.8,2783278.524,18712709.57,17315278.69,18897356.29,20639390.63,14537681.79,1799973.365,85385748652,2651636.647,1.25786E+11,270853,3.134872685,856855,340292.5974,16142537859,0.858970077,40747.16024,0.00243735,115.62113,14.53622223,0.035922539,0.034422108
12/11/2021,805461,9485,2268392,16223003,1031,472122,6943025,44,100103,39442610,19212740,9352376,3288734,16114,3,148608,89,812326,2143,0,15840942,415585,25863712,2141062,8484,34608382,6670069,93590,1639296958,151,878345.6225,2296474.629,346767669,4.21853E+11,2.016910635,1.551625331,9.32098E+11,7.1707E+11,4.62141E+11,2.41953E+13,2.35303E+13,5.74E-08,0.00003429,1.69124347,0.00000904,0.445868795,7.61664482,375666.3988,10285.58169,507303087.3,7410.489373,365498447.4,7861,176623989.9,165981464.5,943.75,1.822749921,0.004993835,46547419.8,943.75,46547419.8,0.346203301,122.3884176,50.01826498,94.15437932,38.47944753,1,49321.76933,173.0728858,-24.07705696,37009270175,6.20E-11,5.3864E-06,0.265666551,3.07484E-06,951.3666448,46923086.2,0.082382996,16471952.28,4658235.649,321356.0926,8553073.979,10400120.9,2060392.12,11749211.77,13458577.46,14514892.17,911021.3587,3332616.469,17121116.27,45.25843044,11061763.49,18523987.1,18887407.7,6542653.866,17471836.7,18822976.68,2105388.361,15573612.14,18891449.35,18853963.14,18657596.41,17888165.89,16193294.74,11886821.71,552692.239,2670998.784,7890260.2,0,18895639.2,18894876.45,18886656.31,17359619.01,18498870.66,10863221.36,18817600.75,15444783.95,2780021.812,18713399.76,17315021.4,18898300.04,20639626.56,14538611.95,1799932.064,88775834075,2646871.892,1.30548E+11,222133,2.570983796,696278,154412.4878,7615897104,0.526776039,25981.52626,0.00207533,102.3589475,14.52633131,0.035924885,0.035510379
12/12/2021,725043,9479,2269933,16264505,1031,472397,6953633,44,100103,39532773,19261742,9368039,3291458,16108,3,148551,89,812884,2143,0,16028427,455806,26126688,2205068,9174,34770859,6799080,97714,1639380520,140,847506.4214,2239588.707,313542419,4.28694E+11,2.049751176,1.576786126,9.4754E+11,7.28902E+11,4.62271E+11,2.41953E+13,2.41953E+13,5.38E-08,0.00003026,1.517132676,0.00000576,0.288786656,6.38712218,320228.4127,8017.532249,401971584.9,6601.747011,330988966.1,8371,168385593.2,166497976.1,875,1.689888571,0.004629832,43869500.72,875,43869500.72,0.34606542,187.5702486,51.17087542,144.2897894,39.36357122,1,50136.57226,166.4955936,-21.75814656,37053459904,6.10E-11,5.23434E-06,0.262431769,3.03741E-06,881.3871222,44189729.14,0.082462809,16471427.43,4652360.759,221542.2875,8550518.514,10397713.72,2053426.599,11748300.42,13442295.45,14514369.72,831204.3225,3331343.981,17121849.6,45.24281348,11060516.53,18524208.84,18888255.7,6540350.95,17471262.91,18823655.4,2101946.549,15572726.06,18892307.01,18854706.69,18657975.46,17887946.22,16191513.75,11885453.19,552692.239,2668085.783,7887976.205,0,18896515.71,18895787.74,18887797.24,17439011.75,18511605.4,11001265.17,18820652.46,15526455.98,2777108.811,18714222.67,17315831.82,18899175.04,20639845.31,14538329.01,1800012.307,90246447104,2643405.482,1.32531E+11,211066,2.442893519,651304,100757.8504,5051653245,0.348248955,17460.00891,0.00202022,101.286906,14.51803721,0.035939974,0.035801992
