"Date(UTC)","UnixTimeStamp","Value"
"7/30/2015","1438214400","1299"
"7/31/2015","1438300800","511"
"8/1/2015","1438387200","334"
"8/2/2015","1438473600","394"
"8/3/2015","1438560000","443"
"8/4/2015","1438646400","458"
"8/5/2015","1438732800","371"
"8/6/2015","1438819200","411"
"8/7/2015","1438905600","409"
"8/8/2015","1438992000","458"
"8/9/2015","1439078400","421"
"8/10/2015","1439164800","415"
"8/11/2015","1439251200","438"
"8/12/2015","1439337600","474"
"8/13/2015","1439424000","504"
"8/14/2015","1439510400","555"
"8/15/2015","1439596800","441"
"8/16/2015","1439683200","385"
"8/17/2015","1439769600","377"
"8/18/2015","1439856000","390"
"8/19/2015","1439942400","361"
"8/20/2015","1440028800","257"
"8/21/2015","1440115200","338"
"8/22/2015","1440201600","323"
"8/23/2015","1440288000","320"
"8/24/2015","1440374400","377"
"8/25/2015","1440460800","335"
"8/26/2015","1440547200","303"
"8/27/2015","1440633600","266"
"8/28/2015","1440720000","257"
"8/29/2015","1440806400","232"
"8/30/2015","1440892800","179"
"8/31/2015","1440979200","182"
"9/1/2015","1441065600","171"
"9/2/2015","1441152000","135"
"9/3/2015","1441238400","126"
"9/4/2015","1441324800","232"
"9/5/2015","1441411200","274"
"9/6/2015","1441497600","345"
"9/7/2015","1441584000","343"
"9/8/2015","1441670400","348"
"9/9/2015","1441756800","345"
"9/10/2015","1441843200","383"
"9/11/2015","1441929600","411"
"9/12/2015","1442016000","339"
"9/13/2015","1442102400","353"
"9/14/2015","1442188800","360"
"9/15/2015","1442275200","378"
"9/16/2015","1442361600","412"
"9/17/2015","1442448000","372"
"9/18/2015","1442534400","403"
"9/19/2015","1442620800","490"
"9/20/2015","1442707200","389"
"9/21/2015","1442793600","340"
"9/22/2015","1442880000","298"
"9/23/2015","1442966400","334"
"9/24/2015","1443052800","341"
"9/25/2015","1443139200","366"
"9/26/2015","1443225600","338"
"9/27/2015","1443312000","307"
"9/28/2015","1443398400","275"
"9/29/2015","1443484800","314"
"9/30/2015","1443571200","356"
"10/1/2015","1443657600","373"
"10/2/2015","1443744000","324"
"10/3/2015","1443830400","292"
"10/4/2015","1443916800","281"
"10/5/2015","1444003200","292"
"10/6/2015","1444089600","266"
"10/7/2015","1444176000","295"
"10/8/2015","1444262400","270"
"10/9/2015","1444348800","245"
"10/10/2015","1444435200","270"
"10/11/2015","1444521600","301"
"10/12/2015","1444608000","284"
"10/13/2015","1444694400","301"
"10/14/2015","1444780800","320"
"10/15/2015","1444867200","263"
"10/16/2015","1444953600","273"
"10/17/2015","1445040000","312"
"10/18/2015","1445126400","297"
"10/19/2015","1445212800","291"
"10/20/2015","1445299200","332"
"10/21/2015","1445385600","289"
"10/22/2015","1445472000","305"
"10/23/2015","1445558400","331"
"10/24/2015","1445644800","336"
"10/25/2015","1445731200","351"
"10/26/2015","1445817600","366"
"10/27/2015","1445904000","376"
"10/28/2015","1445990400","398"
"10/29/2015","1446076800","453"
"10/30/2015","1446163200","409"
"10/31/2015","1446249600","554"
"11/1/2015","1446336000","625"
"11/2/2015","1446422400","531"
"11/3/2015","1446508800","573"
"11/4/2015","1446595200","549"
"11/5/2015","1446681600","473"
"11/6/2015","1446768000","450"
"11/7/2015","1446854400","550"
"11/8/2015","1446940800","570"
"11/9/2015","1447027200","509"
"11/10/2015","1447113600","574"
"11/11/2015","1447200000","702"
"11/12/2015","1447286400","693"
"11/13/2015","1447372800","681"
"11/14/2015","1447459200","713"
"11/15/2015","1447545600","561"
"11/16/2015","1447632000","577"
"11/17/2015","1447718400","515"
"11/18/2015","1447804800","489"
"11/19/2015","1447891200","446"
"11/20/2015","1447977600","403"
"11/21/2015","1448064000","422"
"11/22/2015","1448150400","459"
"11/23/2015","1448236800","483"
"11/24/2015","1448323200","484"
"11/25/2015","1448409600","464"
"11/26/2015","1448496000","486"
"11/27/2015","1448582400","528"
"11/28/2015","1448668800","571"
"11/29/2015","1448755200","550"
"11/30/2015","1448841600","516"
"12/1/2015","1448928000","566"
"12/2/2015","1449014400","501"
"12/3/2015","1449100800","537"
"12/4/2015","1449187200","432"
"12/5/2015","1449273600","412"
"12/6/2015","1449360000","453"
"12/7/2015","1449446400","493"
"12/8/2015","1449532800","464"
"12/9/2015","1449619200","602"
"12/10/2015","1449705600","467"
"12/11/2015","1449792000","454"
"12/12/2015","1449878400","486"
"12/13/2015","1449964800","399"
"12/14/2015","1450051200","455"
"12/15/2015","1450137600","445"
"12/16/2015","1450224000","407"
"12/17/2015","1450310400","420"
"12/18/2015","1450396800","414"
"12/19/2015","1450483200","401"
"12/20/2015","1450569600","447"
"12/21/2015","1450656000","418"
"12/22/2015","1450742400","456"
"12/23/2015","1450828800","488"
"12/24/2015","1450915200","422"
"12/25/2015","1451001600","371"
"12/26/2015","1451088000","405"
"12/27/2015","1451174400","468"
"12/28/2015","1451260800","439"
"12/29/2015","1451347200","463"
"12/30/2015","1451433600","420"
"12/31/2015","1451520000","449"
"1/1/2016","1451606400","434"
"1/2/2016","1451692800","505"
"1/3/2016","1451779200","529"
"1/4/2016","1451865600","516"
"1/5/2016","1451952000","583"
"1/6/2016","1452038400","575"
"1/7/2016","1452124800","558"
"1/8/2016","1452211200","555"
"1/9/2016","1452297600","553"
"1/10/2016","1452384000","483"
"1/11/2016","1452470400","389"
"1/12/2016","1452556800","329"
"1/13/2016","1452643200","402"
"1/14/2016","1452729600","387"
"1/15/2016","1452816000","363"
"1/16/2016","1452902400","344"
"1/17/2016","1452988800","379"
"1/18/2016","1453075200","333"
"1/19/2016","1453161600","326"
"1/20/2016","1453248000","360"
"1/21/2016","1453334400","295"
"1/22/2016","1453420800","324"
"1/23/2016","1453507200","302"
"1/24/2016","1453593600","379"
"1/25/2016","1453680000","345"
"1/26/2016","1453766400","327"
"1/27/2016","1453852800","317"
"1/28/2016","1453939200","334"
"1/29/2016","1454025600","339"
"1/30/2016","1454112000","296"
"1/31/2016","1454198400","352"
"2/1/2016","1454284800","360"
"2/2/2016","1454371200","294"
"2/3/2016","1454457600","347"
"2/4/2016","1454544000","335"
"2/5/2016","1454630400","355"
"2/6/2016","1454716800","377"
"2/7/2016","1454803200","334"
"2/8/2016","1454889600","344"
"2/9/2016","1454976000","319"
"2/10/2016","1455062400","360"
"2/11/2016","1455148800","366"
"2/12/2016","1455235200","357"
"2/13/2016","1455321600","378"
"2/14/2016","1455408000","370"
"2/15/2016","1455494400","358"
"2/16/2016","1455580800","349"
"2/17/2016","1455667200","373"
"2/18/2016","1455753600","327"
"2/19/2016","1455840000","395"
"2/20/2016","1455926400","345"
"2/21/2016","1456012800","338"
"2/22/2016","1456099200","330"
"2/23/2016","1456185600","356"
"2/24/2016","1456272000","340"
"2/25/2016","1456358400","320"
"2/26/2016","1456444800","366"
"2/27/2016","1456531200","327"
"2/28/2016","1456617600","341"
"2/29/2016","1456704000","305"
"3/1/2016","1456790400","331"
"3/2/2016","1456876800","327"
"3/3/2016","1456963200","288"
"3/4/2016","1457049600","266"
"3/5/2016","1457136000","266"
"3/6/2016","1457222400","258"
"3/7/2016","1457308800","247"
"3/8/2016","1457395200","220"
"3/9/2016","1457481600","237"
"3/10/2016","1457568000","200"
"3/11/2016","1457654400","264"
"3/12/2016","1457740800","321"
"3/13/2016","1457827200","351"
"3/14/2016","1457913600","259"
"3/15/2016","1458000000","391"
"3/16/2016","1458086400","401"
"3/17/2016","1458172800","477"
"3/18/2016","1458259200","434"
"3/19/2016","1458345600","494"
"3/20/2016","1458432000","425"
"3/21/2016","1458518400","419"
"3/22/2016","1458604800","404"
"3/23/2016","1458691200","422"
"3/24/2016","1458777600","467"
"3/25/2016","1458864000","451"
"3/26/2016","1458950400","442"
"3/27/2016","1459036800","409"
"3/28/2016","1459123200","386"
"3/29/2016","1459209600","402"
"3/30/2016","1459296000","435"
"3/31/2016","1459382400","377"
"4/1/2016","1459468800","430"
"4/2/2016","1459555200","408"
"4/3/2016","1459641600","458"
"4/4/2016","1459728000","448"
"4/5/2016","1459814400","415"
"4/6/2016","1459900800","373"
"4/7/2016","1459987200","403"
"4/8/2016","1460073600","420"
"4/9/2016","1460160000","375"
"4/10/2016","1460246400","431"
"4/11/2016","1460332800","370"
"4/12/2016","1460419200","378"
"4/13/2016","1460505600","415"
"4/14/2016","1460592000","379"
"4/15/2016","1460678400","418"
"4/16/2016","1460764800","416"
"4/17/2016","1460851200","412"
"4/18/2016","1460937600","457"
"4/19/2016","1461024000","430"
"4/20/2016","1461110400","453"
"4/21/2016","1461196800","417"
"4/22/2016","1461283200","415"
"4/23/2016","1461369600","427"
"4/24/2016","1461456000","460"
"4/25/2016","1461542400","469"
"4/26/2016","1461628800","434"
"4/27/2016","1461715200","452"
"4/28/2016","1461801600","440"
"4/29/2016","1461888000","439"
"4/30/2016","1461974400","455"
"5/1/2016","1462060800","370"
"5/2/2016","1462147200","438"
"5/3/2016","1462233600","448"
"5/4/2016","1462320000","444"
"5/5/2016","1462406400","464"
"5/6/2016","1462492800","465"
"5/7/2016","1462579200","468"
"5/8/2016","1462665600","459"
"5/9/2016","1462752000","445"
"5/10/2016","1462838400","470"
"5/11/2016","1462924800","476"
"5/12/2016","1463011200","493"
"5/13/2016","1463097600","539"
"5/14/2016","1463184000","534"
"5/15/2016","1463270400","475"
"5/16/2016","1463356800","470"
"5/17/2016","1463443200","510"
"5/18/2016","1463529600","532"
"5/19/2016","1463616000","459"
"5/20/2016","1463702400","478"
"5/21/2016","1463788800","485"
"5/22/2016","1463875200","460"
"5/23/2016","1463961600","516"
"5/24/2016","1464048000","501"
"5/25/2016","1464134400","557"
"5/26/2016","1464220800","492"
"5/27/2016","1464307200","527"
"5/28/2016","1464393600","563"
"5/29/2016","1464480000","487"
"5/30/2016","1464566400","498"
"5/31/2016","1464652800","459"
"6/1/2016","1464739200","483"
"6/2/2016","1464825600","454"
"6/3/2016","1464912000","526"
"6/4/2016","1464998400","506"
"6/5/2016","1465084800","440"
"6/6/2016","1465171200","460"
"6/7/2016","1465257600","490"
"6/8/2016","1465344000","463"
"6/9/2016","1465430400","438"
"6/10/2016","1465516800","411"
"6/11/2016","1465603200","447"
"6/12/2016","1465689600","468"
"6/13/2016","1465776000","447"
"6/14/2016","1465862400","491"
"6/15/2016","1465948800","453"
"6/16/2016","1466035200","449"
"6/17/2016","1466121600","1053"
"6/18/2016","1466208000","1230"
"6/19/2016","1466294400","515"
"6/20/2016","1466380800","491"
"6/21/2016","1466467200","490"
"6/22/2016","1466553600","492"
"6/23/2016","1466640000","452"
"6/24/2016","1466726400","484"
"6/25/2016","1466812800","422"
"6/26/2016","1466899200","506"
"6/27/2016","1466985600","455"
"6/28/2016","1467072000","457"
"6/29/2016","1467158400","480"
"6/30/2016","1467244800","515"
"7/1/2016","1467331200","497"
"7/2/2016","1467417600","478"
"7/3/2016","1467504000","454"
"7/4/2016","1467590400","450"
"7/5/2016","1467676800","462"
"7/6/2016","1467763200","479"
"7/7/2016","1467849600","434"
"7/8/2016","1467936000","493"
"7/9/2016","1468022400","548"
"7/10/2016","1468108800","435"
"7/11/2016","1468195200","466"
"7/12/2016","1468281600","435"
"7/13/2016","1468368000","435"
"7/14/2016","1468454400","457"
"7/15/2016","1468540800","490"
"7/16/2016","1468627200","447"
"7/17/2016","1468713600","415"
"7/18/2016","1468800000","496"
"7/19/2016","1468886400","489"
"7/20/2016","1468972800","543"
"7/21/2016","1469059200","500"
"7/22/2016","1469145600","472"
"7/23/2016","1469232000","472"
"7/24/2016","1469318400","444"
"7/25/2016","1469404800","450"
"7/26/2016","1469491200","424"
"7/27/2016","1469577600","510"
"7/28/2016","1469664000","483"
"7/29/2016","1469750400","504"
"7/30/2016","1469836800","431"
"7/31/2016","1469923200","505"
"8/1/2016","1470009600","440"
"8/2/2016","1470096000","461"
"8/3/2016","1470182400","437"
"8/4/2016","1470268800","466"
"8/5/2016","1470355200","469"
"8/6/2016","1470441600","419"
"8/7/2016","1470528000","467"
"8/8/2016","1470614400","462"
"8/9/2016","1470700800","497"
"8/10/2016","1470787200","467"
"8/11/2016","1470873600","455"
"8/12/2016","1470960000","505"
"8/13/2016","1471046400","453"
"8/14/2016","1471132800","441"
"8/15/2016","1471219200","461"
"8/16/2016","1471305600","434"
"8/17/2016","1471392000","481"
"8/18/2016","1471478400","570"
"8/19/2016","1471564800","441"
"8/20/2016","1471651200","492"
"8/21/2016","1471737600","571"
"8/22/2016","1471824000","478"
"8/23/2016","1471910400","529"
"8/24/2016","1471996800","502"
"8/25/2016","1472083200","420"
"8/26/2016","1472169600","461"
"8/27/2016","1472256000","485"
"8/28/2016","1472342400","463"
"8/29/2016","1472428800","465"
"8/30/2016","1472515200","439"
"8/31/2016","1472601600","449"
"9/1/2016","1472688000","454"
"9/2/2016","1472774400","490"
"9/3/2016","1472860800","438"
"9/4/2016","1472947200","438"
"9/5/2016","1473033600","458"
"9/6/2016","1473120000","429"
"9/7/2016","1473206400","422"
"9/8/2016","1473292800","463"
"9/9/2016","1473379200","464"
"9/10/2016","1473465600","460"
"9/11/2016","1473552000","479"
"9/12/2016","1473638400","485"
"9/13/2016","1473724800","471"
"9/14/2016","1473811200","520"
"9/15/2016","1473897600","514"
"9/16/2016","1473984000","482"
"9/17/2016","1474070400","492"
"9/18/2016","1474156800","429"
"9/19/2016","1474243200","672"
"9/20/2016","1474329600","476"
"9/21/2016","1474416000","500"
"9/22/2016","1474502400","848"
"9/23/2016","1474588800","868"
"9/24/2016","1474675200","1103"
"9/25/2016","1474761600","863"
"9/26/2016","1474848000","877"
"9/27/2016","1474934400","1436"
"9/28/2016","1475020800","522"
"9/29/2016","1475107200","462"
"9/30/2016","1475193600","433"
"10/1/2016","1475280000","1507"
"10/2/2016","1475366400","1445"
"10/3/2016","1475452800","661"
"10/4/2016","1475539200","533"
"10/5/2016","1475625600","1234"
"10/6/2016","1475712000","896"
"10/7/2016","1475798400","2044"
"10/8/2016","1475884800","1394"
"10/9/2016","1475971200","880"
"10/10/2016","1476057600","814"
"10/11/2016","1476144000","633"
"10/12/2016","1476230400","969"
"10/13/2016","1476316800","1208"
"10/14/2016","1476403200","708"
"10/15/2016","1476489600","582"
"10/16/2016","1476576000","746"
"10/17/2016","1476662400","718"
"10/18/2016","1476748800","758"
"10/19/2016","1476835200","1178"
"10/20/2016","1476921600","842"
"10/21/2016","1477008000","464"
"10/22/2016","1477094400","425"
"10/23/2016","1477180800","388"
"10/24/2016","1477267200","488"
"10/25/2016","1477353600","425"
"10/26/2016","1477440000","416"
"10/27/2016","1477526400","384"
"10/28/2016","1477612800","382"
"10/29/2016","1477699200","361"
"10/30/2016","1477785600","467"
"10/31/2016","1477872000","436"
"11/1/2016","1477958400","362"
"11/2/2016","1478044800","381"
"11/3/2016","1478131200","410"
"11/4/2016","1478217600","391"
"11/5/2016","1478304000","405"
"11/6/2016","1478390400","421"
"11/7/2016","1478476800","470"
"11/8/2016","1478563200","426"
"11/9/2016","1478649600","383"
"11/10/2016","1478736000","385"
"11/11/2016","1478822400","384"
"11/12/2016","1478908800","424"
"11/13/2016","1478995200","395"
"11/14/2016","1479081600","431"
"11/15/2016","1479168000","393"
"11/16/2016","1479254400","377"
"11/17/2016","1479340800","415"
"11/18/2016","1479427200","465"
"11/19/2016","1479513600","431"
"11/20/2016","1479600000","425"
"11/21/2016","1479686400","398"
"11/22/2016","1479772800","424"
"11/23/2016","1479859200","916"
"11/24/2016","1479945600","793"
"11/25/2016","1480032000","831"
"11/26/2016","1480118400","778"
"11/27/2016","1480204800","1107"
"11/28/2016","1480291200","1039"
"11/29/2016","1480377600","843"
"11/30/2016","1480464000","436"
"12/1/2016","1480550400","417"
"12/2/2016","1480636800","401"
"12/3/2016","1480723200","373"
"12/4/2016","1480809600","356"
"12/5/2016","1480896000","346"
"12/6/2016","1480982400","424"
"12/7/2016","1481068800","376"
"12/8/2016","1481155200","418"
"12/9/2016","1481241600","396"
"12/10/2016","1481328000","369"
"12/11/2016","1481414400","365"
"12/12/2016","1481500800","384"
"12/13/2016","1481587200","412"
"12/14/2016","1481673600","407"
"12/15/2016","1481760000","382"
"12/16/2016","1481846400","385"
"12/17/2016","1481932800","395"
"12/18/2016","1482019200","396"
"12/19/2016","1482105600","371"
"12/20/2016","1482192000","373"
"12/21/2016","1482278400","351"
"12/22/2016","1482364800","362"
"12/23/2016","1482451200","379"
"12/24/2016","1482537600","364"
"12/25/2016","1482624000","390"
"12/26/2016","1482710400","370"
"12/27/2016","1482796800","346"
"12/28/2016","1482883200","365"
"12/29/2016","1482969600","396"
"12/30/2016","1483056000","382"
"12/31/2016","1483142400","356"
"1/1/2017","1483228800","337"
"1/2/2017","1483315200","353"
"1/3/2017","1483401600","385"
"1/4/2017","1483488000","393"
"1/5/2017","1483574400","381"
"1/6/2017","1483660800","373"
"1/7/2017","1483747200","388"
"1/8/2017","1483833600","372"
"1/9/2017","1483920000","378"
"1/10/2017","1484006400","344"
"1/11/2017","1484092800","367"
"1/12/2017","1484179200","367"
"1/13/2017","1484265600","346"
"1/14/2017","1484352000","328"
"1/15/2017","1484438400","369"
"1/16/2017","1484524800","366"
"1/17/2017","1484611200","371"
"1/18/2017","1484697600","363"
"1/19/2017","1484784000","383"
"1/20/2017","1484870400","375"
"1/21/2017","1484956800","368"
"1/22/2017","1485043200","354"
"1/23/2017","1485129600","354"
"1/24/2017","1485216000","351"
"1/25/2017","1485302400","387"
"1/26/2017","1485388800","394"
"1/27/2017","1485475200","335"
"1/28/2017","1485561600","347"
"1/29/2017","1485648000","372"
"1/30/2017","1485734400","406"
"1/31/2017","1485820800","373"
"2/1/2017","1485907200","362"
"2/2/2017","1485993600","331"
"2/3/2017","1486080000","373"
"2/4/2017","1486166400","385"
"2/5/2017","1486252800","338"
"2/6/2017","1486339200","383"
"2/7/2017","1486425600","417"
"2/8/2017","1486512000","387"
"2/9/2017","1486598400","354"
"2/10/2017","1486684800","361"
"2/11/2017","1486771200","387"
"2/12/2017","1486857600","358"
"2/13/2017","1486944000","382"
"2/14/2017","1487030400","378"
"2/15/2017","1487116800","361"
"2/16/2017","1487203200","351"
"2/17/2017","1487289600","350"
"2/18/2017","1487376000","343"
"2/19/2017","1487462400","326"
"2/20/2017","1487548800","362"
"2/21/2017","1487635200","320"
"2/22/2017","1487721600","319"
"2/23/2017","1487808000","317"
"2/24/2017","1487894400","335"
"2/25/2017","1487980800","377"
"2/26/2017","1488067200","381"
"2/27/2017","1488153600","361"
"2/28/2017","1488240000","367"
"3/1/2017","1488326400","379"
"3/2/2017","1488412800","370"
"3/3/2017","1488499200","353"
"3/4/2017","1488585600","353"
"3/5/2017","1488672000","340"
"3/6/2017","1488758400","360"
"3/7/2017","1488844800","336"
"3/8/2017","1488931200","350"
"3/9/2017","1489017600","329"
"3/10/2017","1489104000","353"
"3/11/2017","1489190400","347"
"3/12/2017","1489276800","357"
"3/13/2017","1489363200","400"
"3/14/2017","1489449600","407"
"3/15/2017","1489536000","409"
"3/16/2017","1489622400","423"
"3/17/2017","1489708800","460"
"3/18/2017","1489795200","435"
"3/19/2017","1489881600","349"
"3/20/2017","1489968000","374"
"3/21/2017","1490054400","345"
"3/22/2017","1490140800","383"
"3/23/2017","1490227200","406"
"3/24/2017","1490313600","366"
"3/25/2017","1490400000","354"
"3/26/2017","1490486400","355"
"3/27/2017","1490572800","350"
"3/28/2017","1490659200","295"
"3/29/2017","1490745600","369"
"3/30/2017","1490832000","355"
"3/31/2017","1490918400","377"
"4/1/2017","1491004800","342"
"4/2/2017","1491091200","337"
"4/3/2017","1491177600","360"
"4/4/2017","1491264000","386"
"4/5/2017","1491350400","362"
"4/6/2017","1491436800","364"
"4/7/2017","1491523200","373"
"4/8/2017","1491609600","340"
"4/9/2017","1491696000","349"
"4/10/2017","1491782400","342"
"4/11/2017","1491868800","331"
"4/12/2017","1491955200","365"
"4/13/2017","1492041600","375"
"4/14/2017","1492128000","402"
"4/15/2017","1492214400","388"
"4/16/2017","1492300800","390"
"4/17/2017","1492387200","376"
"4/18/2017","1492473600","343"
"4/19/2017","1492560000","290"
"4/20/2017","1492646400","314"
"4/21/2017","1492732800","303"
"4/22/2017","1492819200","286"
"4/23/2017","1492905600","328"
"4/24/2017","1492992000","327"
"4/25/2017","1493078400","354"
"4/26/2017","1493164800","318"
"4/27/2017","1493251200","312"
"4/28/2017","1493337600","337"
"4/29/2017","1493424000","301"
"4/30/2017","1493510400","311"
"5/1/2017","1493596800","340"
"5/2/2017","1493683200","373"
"5/3/2017","1493769600","361"
"5/4/2017","1493856000","326"
"5/5/2017","1493942400","369"
"5/6/2017","1494028800","362"
"5/7/2017","1494115200","357"
"5/8/2017","1494201600","338"
"5/9/2017","1494288000","380"
"5/10/2017","1494374400","375"
"5/11/2017","1494460800","333"
"5/12/2017","1494547200","394"
"5/13/2017","1494633600","357"
"5/14/2017","1494720000","336"
"5/15/2017","1494806400","403"
"5/16/2017","1494892800","391"
"5/17/2017","1494979200","341"
"5/18/2017","1495065600","321"
"5/19/2017","1495152000","344"
"5/20/2017","1495238400","329"
"5/21/2017","1495324800","402"
"5/22/2017","1495411200","387"
"5/23/2017","1495497600","403"
"5/24/2017","1495584000","404"
"5/25/2017","1495670400","413"
"5/26/2017","1495756800","412"
"5/27/2017","1495843200","431"
"5/28/2017","1495929600","429"
"5/29/2017","1496016000","447"
"5/30/2017","1496102400","524"
"5/31/2017","1496188800","458"
"6/1/2017","1496275200","460"
"6/2/2017","1496361600","372"
"6/3/2017","1496448000","405"
"6/4/2017","1496534400","388"
"6/5/2017","1496620800","411"
"6/6/2017","1496707200","388"
"6/7/2017","1496793600","425"
"6/8/2017","1496880000","432"
"6/9/2017","1496966400","424"
"6/10/2017","1497052800","400"
"6/11/2017","1497139200","451"
"6/12/2017","1497225600","508"
"6/13/2017","1497312000","515"
"6/14/2017","1497398400","480"
"6/15/2017","1497484800","452"
"6/16/2017","1497571200","450"
"6/17/2017","1497657600","506"
"6/18/2017","1497744000","488"
"6/19/2017","1497830400","523"
"6/20/2017","1497916800","500"
"6/21/2017","1498003200","449"
"6/22/2017","1498089600","477"
"6/23/2017","1498176000","436"
"6/24/2017","1498262400","476"
"6/25/2017","1498348800","460"
"6/26/2017","1498435200","498"
"6/27/2017","1498521600","415"
"6/28/2017","1498608000","489"
"6/29/2017","1498694400","497"
"6/30/2017","1498780800","444"
"7/1/2017","1498867200","436"
"7/2/2017","1498953600","407"
"7/3/2017","1499040000","492"
"7/4/2017","1499126400","521"
"7/5/2017","1499212800","490"
"7/6/2017","1499299200","450"
"7/7/2017","1499385600","499"
"7/8/2017","1499472000","433"
"7/9/2017","1499558400","397"
"7/10/2017","1499644800","387"
"7/11/2017","1499731200","364"
"7/12/2017","1499817600","367"
"7/13/2017","1499904000","322"
"7/14/2017","1499990400","332"
"7/15/2017","1500076800","303"
"7/16/2017","1500163200","302"
"7/17/2017","1500249600","325"
"7/18/2017","1500336000","318"
"7/19/2017","1500422400","347"
"7/20/2017","1500508800","358"
"7/21/2017","1500595200","302"
"7/22/2017","1500681600","283"
"7/23/2017","1500768000","313"
"7/24/2017","1500854400","301"
"7/25/2017","1500940800","333"
"7/26/2017","1501027200","336"
"7/27/2017","1501113600","309"
"7/28/2017","1501200000","381"
"7/29/2017","1501286400","284"
"7/30/2017","1501372800","317"
"7/31/2017","1501459200","363"
"8/1/2017","1501545600","259"
"8/2/2017","1501632000","242"
"8/3/2017","1501718400","281"
"8/4/2017","1501804800","292"
"8/5/2017","1501891200","270"
"8/6/2017","1501977600","292"
"8/7/2017","1502064000","298"
"8/8/2017","1502150400","306"
"8/9/2017","1502236800","304"
"8/10/2017","1502323200","340"
"8/11/2017","1502409600","353"
"8/12/2017","1502496000","342"
"8/13/2017","1502582400","350"
"8/14/2017","1502668800","344"
"8/15/2017","1502755200","392"
"8/16/2017","1502841600","437"
"8/17/2017","1502928000","455"
"8/18/2017","1503014400","407"
"8/19/2017","1503100800","380"
"8/20/2017","1503187200","340"
"8/21/2017","1503273600","401"
"8/22/2017","1503360000","409"
"8/23/2017","1503446400","392"
"8/24/2017","1503532800","411"
"8/25/2017","1503619200","269"
"8/26/2017","1503705600","269"
"8/27/2017","1503792000","271"
"8/28/2017","1503878400","303"
"8/29/2017","1503964800","349"
"8/30/2017","1504051200","329"
"8/31/2017","1504137600","347"
"9/1/2017","1504224000","308"
"9/2/2017","1504310400","288"
"9/3/2017","1504396800","241"
"9/4/2017","1504483200","323"
"9/5/2017","1504569600","332"
"9/6/2017","1504656000","345"
"9/7/2017","1504742400","353"
"9/8/2017","1504828800","330"
"9/9/2017","1504915200","313"
"9/10/2017","1505001600","292"
"9/11/2017","1505088000","279"
"9/12/2017","1505174400","328"
"9/13/2017","1505260800","313"
"9/14/2017","1505347200","330"
"9/15/2017","1505433600","373"
"9/16/2017","1505520000","331"
"9/17/2017","1505606400","273"
"9/18/2017","1505692800","332"
"9/19/2017","1505779200","315"
"9/20/2017","1505865600","297"
"9/21/2017","1505952000","285"
"9/22/2017","1506038400","187"
"9/23/2017","1506124800","149"
"9/24/2017","1506211200","193"
"9/25/2017","1506297600","176"
"9/26/2017","1506384000","192"
"9/27/2017","1506470400","227"
"9/28/2017","1506556800","183"
"9/29/2017","1506643200","184"
"9/30/2017","1506729600","189"
"10/1/2017","1506816000","209"
"10/2/2017","1506902400","223"
"10/3/2017","1506988800","222"
"10/4/2017","1507075200","226"
"10/5/2017","1507161600","189"
"10/6/2017","1507248000","202"
"10/7/2017","1507334400","197"
"10/8/2017","1507420800","205"
"10/9/2017","1507507200","204"
"10/10/2017","1507593600","232"
"10/11/2017","1507680000","235"
"10/12/2017","1507766400","230"
"10/13/2017","1507852800","246"
"10/14/2017","1507939200","226"
"10/15/2017","1508025600","241"
"10/16/2017","1508112000","502"
"10/17/2017","1508198400","864"
"10/18/2017","1508284800","739"
"10/19/2017","1508371200","739"
"10/20/2017","1508457600","760"
"10/21/2017","1508544000","625"
"10/22/2017","1508630400","660"
"10/23/2017","1508716800","735"
"10/24/2017","1508803200","773"
"10/25/2017","1508889600","733"
"10/26/2017","1508976000","743"
"10/27/2017","1509062400","760"
"10/28/2017","1509148800","740"
"10/29/2017","1509235200","738"
"10/30/2017","1509321600","805"
"10/31/2017","1509408000","774"
"11/1/2017","1509494400","773"
"11/2/2017","1509580800","795"
"11/3/2017","1509667200","714"
"11/4/2017","1509753600","686"
"11/5/2017","1509840000","725"
"11/6/2017","1509926400","708"
"11/7/2017","1510012800","759"
"11/8/2017","1510099200","663"
"11/9/2017","1510185600","745"
"11/10/2017","1510272000","697"
"11/11/2017","1510358400","687"
"11/12/2017","1510444800","625"
"11/13/2017","1510531200","742"
"11/14/2017","1510617600","719"
"11/15/2017","1510704000","762"
"11/16/2017","1510790400","751"
"11/17/2017","1510876800","700"
"11/18/2017","1510963200","718"
"11/19/2017","1511049600","695"
"11/20/2017","1511136000","797"
"11/21/2017","1511222400","800"
"11/22/2017","1511308800","750"
"11/23/2017","1511395200","759"
"11/24/2017","1511481600","728"
"11/25/2017","1511568000","730"
"11/26/2017","1511654400","794"
"11/27/2017","1511740800","852"
"11/28/2017","1511827200","860"
"11/29/2017","1511913600","903"
"11/30/2017","1512000000","840"
"12/1/2017","1512086400","882"
"12/2/2017","1512172800","858"
"12/3/2017","1512259200","943"
"12/4/2017","1512345600","1433"
"12/5/2017","1512432000","1630"
"12/6/2017","1512518400","1801"
"12/7/2017","1512604800","1508"
"12/8/2017","1512691200","1281"
"12/9/2017","1512777600","1324"
"12/10/2017","1512864000","1286"
"12/11/2017","1512950400","1288"
"12/12/2017","1513036800","1443"
"12/13/2017","1513123200","1525"
"12/14/2017","1513209600","1551"
"12/15/2017","1513296000","1437"
"12/16/2017","1513382400","1272"
"12/17/2017","1513468800","1258"
"12/18/2017","1513555200","1353"
"12/19/2017","1513641600","1600"
"12/20/2017","1513728000","1668"
"12/21/2017","1513814400","1570"
"12/22/2017","1513900800","1519"
"12/23/2017","1513987200","1263"
"12/24/2017","1514073600","1079"
"12/25/2017","1514160000","992"
"12/26/2017","1514246400","1022"
"12/27/2017","1514332800","1104"
"12/28/2017","1514419200","1172"
"12/29/2017","1514505600","1309"
"12/30/2017","1514592000","1361"
"12/31/2017","1514678400","1156"
"1/1/2018","1514764800","1193"
"1/2/2018","1514851200","1390"
"1/3/2018","1514937600","1665"
"1/4/2018","1515024000","1952"
"1/5/2018","1515110400","2096"
"1/6/2018","1515196800","2003"
"1/7/2018","1515283200","1958"
"1/8/2018","1515369600","1862"
"1/9/2018","1515456000","1966"
"1/10/2018","1515542400","2094"
"1/11/2018","1515628800","2051"
"1/12/2018","1515715200","2004"
"1/13/2018","1515801600","1913"
"1/14/2018","1515888000","1760"
"1/15/2018","1515974400","1744"
"1/16/2018","1516060800","1821"
"1/17/2018","1516147200","1740"
"1/18/2018","1516233600","1618"
"1/19/2018","1516320000","1510"
"1/20/2018","1516406400","1318"
"1/21/2018","1516492800","1199"
"1/22/2018","1516579200","1224"
"1/23/2018","1516665600","1182"
"1/24/2018","1516752000","1123"
"1/25/2018","1516838400","1098"
"1/26/2018","1516924800","1119"
"1/27/2018","1517011200","1022"
"1/28/2018","1517097600","1058"
"1/29/2018","1517184000","1180"
"1/30/2018","1517270400","1138"
"1/31/2018","1517356800","1216"
"2/1/2018","1517443200","1384"
"2/2/2018","1517529600","1285"
"2/3/2018","1517616000","1017"
"2/4/2018","1517702400","1042"
"2/5/2018","1517788800","1086"
"2/6/2018","1517875200","1100"
"2/7/2018","1517961600","1152"
"2/8/2018","1518048000","1025"
"2/9/2018","1518134400","1056"
"2/10/2018","1518220800","1125"
"2/11/2018","1518307200","967"
"2/12/2018","1518393600","1133"
"2/13/2018","1518480000","1090"
"2/14/2018","1518566400","1054"
"2/15/2018","1518652800","1155"
"2/16/2018","1518739200","1064"
"2/17/2018","1518825600","1040"
"2/18/2018","1518912000","1021"
"2/19/2018","1518998400","1152"
"2/20/2018","1519084800","1246"
"2/21/2018","1519171200","1322"
"2/22/2018","1519257600","1189"
"2/23/2018","1519344000","1232"
"2/24/2018","1519430400","1252"
"2/25/2018","1519516800","1127"
"2/26/2018","1519603200","1254"
"2/27/2018","1519689600","1192"
"2/28/2018","1519776000","1236"
"3/1/2018","1519862400","1171"
"3/2/2018","1519948800","1261"
"3/3/2018","1520035200","1102"
"3/4/2018","1520121600","1095"
"3/5/2018","1520208000","1128"
"3/6/2018","1520294400","1179"
"3/7/2018","1520380800","1210"
"3/8/2018","1520467200","1149"
"3/9/2018","1520553600","1126"
"3/10/2018","1520640000","1175"
"3/11/2018","1520726400","1122"
"3/12/2018","1520812800","1210"
"3/13/2018","1520899200","1184"
"3/14/2018","1520985600","1223"
"3/15/2018","1521072000","1214"
"3/16/2018","1521158400","1175"
"3/17/2018","1521244800","1216"
"3/18/2018","1521331200","1074"
"3/19/2018","1521417600","1027"
"3/20/2018","1521504000","1074"
"3/21/2018","1521590400","1047"
"3/22/2018","1521676800","1035"
"3/23/2018","1521763200","986"
"3/24/2018","1521849600","990"
"3/25/2018","1521936000","958"
"3/26/2018","1522022400","1019"
"3/27/2018","1522108800","1063"
"3/28/2018","1522195200","1062"
"3/29/2018","1522281600","1186"
"3/30/2018","1522368000","1132"
"3/31/2018","1522454400","973"
"4/1/2018","1522540800","908"
"4/2/2018","1522627200","924"
"4/3/2018","1522713600","1009"
"4/4/2018","1522800000","966"
"4/5/2018","1522886400","1011"
"4/6/2018","1522972800","960"
"4/7/2018","1523059200","888"
"4/8/2018","1523145600","925"
"4/9/2018","1523232000","988"
"4/10/2018","1523318400","977"
"4/11/2018","1523404800","999"
"4/12/2018","1523491200","1057"
"4/13/2018","1523577600","1211"
"4/14/2018","1523664000","1119"
"4/15/2018","1523750400","1086"
"4/16/2018","1523836800","1173"
"4/17/2018","1523923200","1220"
"4/18/2018","1524009600","1204"
"4/19/2018","1524096000","1343"
"4/20/2018","1524182400","1332"
"4/21/2018","1524268800","1205"
"4/22/2018","1524355200","1144"
"4/23/2018","1524441600","1308"
"4/24/2018","1524528000","1332"
"4/25/2018","1524614400","1300"
"4/26/2018","1524700800","1323"
"4/27/2018","1524787200","1355"
"4/28/2018","1524873600","1308"
"4/29/2018","1524960000","1360"
"4/30/2018","1525046400","1417"
"5/1/2018","1525132800","1493"
"5/2/2018","1525219200","1563"
"5/3/2018","1525305600","1501"
"5/4/2018","1525392000","1546"
"5/5/2018","1525478400","1463"
"5/6/2018","1525564800","1389"
"5/7/2018","1525651200","1346"
"5/8/2018","1525737600","1338"
"5/9/2018","1525824000","1412"
"5/10/2018","1525910400","1431"
"5/11/2018","1525996800","1431"
"5/12/2018","1526083200","1402"
"5/13/2018","1526169600","1318"
"5/14/2018","1526256000","1465"
"5/15/2018","1526342400","1404"
"5/16/2018","1526428800","1449"
"5/17/2018","1526515200","1475"
"5/18/2018","1526601600","1589"
"5/19/2018","1526688000","1628"
"5/20/2018","1526774400","1562"
"5/21/2018","1526860800","1507"
"5/22/2018","1526947200","1550"
"5/23/2018","1527033600","1634"
"5/24/2018","1527120000","1523"
"5/25/2018","1527206400","1553"
"5/26/2018","1527292800","1475"
"5/27/2018","1527379200","1470"
"5/28/2018","1527465600","1487"
"5/29/2018","1527552000","1548"
"5/30/2018","1527638400","1623"
"5/31/2018","1527724800","1594"
"6/1/2018","1527811200","1535"
"6/2/2018","1527897600","1620"
"6/3/2018","1527984000","1559"
"6/4/2018","1528070400","1642"
"6/5/2018","1528156800","1533"
"6/6/2018","1528243200","1605"
"6/7/2018","1528329600","1672"
"6/8/2018","1528416000","1590"
"6/9/2018","1528502400","1719"
"6/10/2018","1528588800","1522"
"6/11/2018","1528675200","1667"
"6/12/2018","1528761600","1488"
"6/13/2018","1528848000","1391"
"6/14/2018","1528934400","1350"
"6/15/2018","1529020800","1354"
"6/16/2018","1529107200","1260"
"6/17/2018","1529193600","1155"
"6/18/2018","1529280000","1164"
"6/19/2018","1529366400","1302"
"6/20/2018","1529452800","1322"
"6/21/2018","1529539200","1196"
"6/22/2018","1529625600","1352"
"6/23/2018","1529712000","1222"
"6/24/2018","1529798400","1163"
"6/25/2018","1529884800","1528"
"6/26/2018","1529971200","1450"
"6/27/2018","1530057600","1293"
"6/28/2018","1530144000","1322"
"6/29/2018","1530230400","1326"
"6/30/2018","1530316800","1297"
"7/1/2018","1530403200","1263"
"7/2/2018","1530489600","1230"
"7/3/2018","1530576000","1325"
"7/4/2018","1530662400","1277"
"7/5/2018","1530748800","1284"
"7/6/2018","1530835200","1232"
"7/7/2018","1530921600","1311"
"7/8/2018","1531008000","1440"
"7/9/2018","1531094400","1307"
"7/10/2018","1531180800","1266"
"7/11/2018","1531267200","1214"
"7/12/2018","1531353600","1054"
"7/13/2018","1531440000","1016"
"7/14/2018","1531526400","1018"
"7/15/2018","1531612800","1008"
"7/16/2018","1531699200","1182"
"7/17/2018","1531785600","1286"
"7/18/2018","1531872000","1302"
"7/19/2018","1531958400","1274"
"7/20/2018","1532044800","1124"
"7/21/2018","1532131200","1087"
"7/22/2018","1532217600","1201"
"7/23/2018","1532304000","1198"
"7/24/2018","1532390400","1315"
"7/25/2018","1532476800","1306"
"7/26/2018","1532563200","1187"
"7/27/2018","1532649600","1169"
"7/28/2018","1532736000","1034"
"7/29/2018","1532822400","1023"
"7/30/2018","1532908800","1047"
"7/31/2018","1532995200","1188"
"8/1/2018","1533081600","1197"
"8/2/2018","1533168000","1264"
"8/3/2018","1533254400","1182"
"8/4/2018","1533340800","1094"
"8/5/2018","1533427200","1165"
"8/6/2018","1533513600","1126"
"8/7/2018","1533600000","1198"
"8/8/2018","1533686400","1140"
"8/9/2018","1533772800","1160"
"8/10/2018","1533859200","1120"
"8/11/2018","1533945600","1188"
"8/12/2018","1534032000","1228"
"8/13/2018","1534118400","1167"
"8/14/2018","1534204800","1032"
"8/15/2018","1534291200","1018"
"8/16/2018","1534377600","1075"
"8/17/2018","1534464000","1227"
"8/18/2018","1534550400","1157"
"8/19/2018","1534636800","1094"
"8/20/2018","1534723200","1085"
"8/21/2018","1534809600","1071"
"8/22/2018","1534896000","1044"
"8/23/2018","1534982400","1133"
"8/24/2018","1535068800","1179"
"8/25/2018","1535155200","1072"
"8/26/2018","1535241600","1044"
"8/27/2018","1535328000","1110"
"8/28/2018","1535414400","1105"
"8/29/2018","1535500800","1060"
"8/30/2018","1535587200","1127"
"8/31/2018","1535673600","1038"
"9/1/2018","1535760000","1118"
"9/2/2018","1535846400","986"
"9/3/2018","1535932800","1087"
"9/4/2018","1536019200","1075"
"9/5/2018","1536105600","1012"
"9/6/2018","1536192000","988"
"9/7/2018","1536278400","1006"
"9/8/2018","1536364800","1008"
"9/9/2018","1536451200","1040"
"9/10/2018","1536537600","988"
"9/11/2018","1536624000","904"
"9/12/2018","1536710400","922"
"9/13/2018","1536796800","975"
"9/14/2018","1536883200","905"
"9/15/2018","1536969600","935"
"9/16/2018","1537056000","880"
"9/17/2018","1537142400","914"
"9/18/2018","1537228800","927"
"9/19/2018","1537315200","900"
"9/20/2018","1537401600","967"
"9/21/2018","1537488000","1007"
"9/22/2018","1537574400","891"
"9/23/2018","1537660800","843"
"9/24/2018","1537747200","852"
"9/25/2018","1537833600","840"
"9/26/2018","1537920000","907"
"9/27/2018","1538006400","920"
"9/28/2018","1538092800","856"
"9/29/2018","1538179200","782"
"9/30/2018","1538265600","877"
"10/1/2018","1538352000","811"
"10/2/2018","1538438400","802"
"10/3/2018","1538524800","837"
"10/4/2018","1538611200","776"
"10/5/2018","1538697600","754"
"10/6/2018","1538784000","733"
"10/7/2018","1538870400","718"
"10/8/2018","1538956800","762"
"10/9/2018","1539043200","774"
"10/10/2018","1539129600","748"
"10/11/2018","1539216000","822"
"10/12/2018","1539302400","750"
"10/13/2018","1539388800","768"
"10/14/2018","1539475200","770"
"10/15/2018","1539561600","812"
"10/16/2018","1539648000","821"
"10/17/2018","1539734400","803"
"10/18/2018","1539820800","809"
"10/19/2018","1539907200","845"
"10/20/2018","1539993600","793"
"10/21/2018","1540080000","805"
"10/22/2018","1540166400","827"
"10/23/2018","1540252800","836"
"10/24/2018","1540339200","811"
"10/25/2018","1540425600","756"
"10/26/2018","1540512000","853"
"10/27/2018","1540598400","783"
"10/28/2018","1540684800","762"
"10/29/2018","1540771200","826"
"10/30/2018","1540857600","820"
"10/31/2018","1540944000","817"
"11/1/2018","1541030400","817"
"11/2/2018","1541116800","783"
"11/3/2018","1541203200","737"
"11/4/2018","1541289600","789"
"11/5/2018","1541376000","873"
"11/6/2018","1541462400","835"
"11/7/2018","1541548800","829"
"11/8/2018","1541635200","827"
"11/9/2018","1541721600","795"
"11/10/2018","1541808000","844"
"11/11/2018","1541894400","789"
"11/12/2018","1541980800","727"
"11/13/2018","1542067200","802"
"11/14/2018","1542153600","776"
"11/15/2018","1542240000","722"
"11/16/2018","1542326400","696"
"11/17/2018","1542412800","675"
"11/18/2018","1542499200","697"
"11/19/2018","1542585600","767"
"11/20/2018","1542672000","772"
"11/21/2018","1542758400","726"
"11/22/2018","1542844800","699"
"11/23/2018","1542931200","708"
"11/24/2018","1543017600","652"
"11/25/2018","1543104000","621"
"11/26/2018","1543190400","731"
"11/27/2018","1543276800","704"
"11/28/2018","1543363200","727"
"11/29/2018","1543449600","688"
"11/30/2018","1543536000","711"
"12/1/2018","1543622400","630"
"12/2/2018","1543708800","569"
"12/3/2018","1543795200","592"
"12/4/2018","1543881600","608"
"12/5/2018","1543968000","654"
"12/6/2018","1544054400","608"
"12/7/2018","1544140800","618"
"12/8/2018","1544227200","576"
"12/9/2018","1544313600","500"
"12/10/2018","1544400000","581"
"12/11/2018","1544486400","550"
"12/12/2018","1544572800","534"
"12/13/2018","1544659200","568"
"12/14/2018","1544745600","533"
"12/15/2018","1544832000","571"
"12/16/2018","1544918400","548"
"12/17/2018","1545004800","538"
"12/18/2018","1545091200","497"
"12/19/2018","1545177600","484"
"12/20/2018","1545264000","478"
"12/21/2018","1545350400","505"
"12/22/2018","1545436800","489"
"12/23/2018","1545523200","494"
"12/24/2018","1545609600","487"
"12/25/2018","1545696000","454"
"12/26/2018","1545782400","526"
"12/27/2018","1545868800","486"
"12/28/2018","1545955200","487"
"12/29/2018","1546041600","492"
"12/30/2018","1546128000","459"
"12/31/2018","1546214400","480"
"1/1/2019","1546300800","428"
"1/2/2019","1546387200","515"
"1/3/2019","1546473600","464"
"1/4/2019","1546560000","459"
"1/5/2019","1546646400","456"
"1/6/2019","1546732800","413"
"1/7/2019","1546819200","476"
"1/8/2019","1546905600","427"
"1/9/2019","1546992000","468"
"1/10/2019","1547078400","450"
"1/11/2019","1547164800","429"
"1/12/2019","1547251200","420"
"1/13/2019","1547337600","413"
"1/14/2019","1547424000","439"
"1/15/2019","1547510400","415"
"1/16/2019","1547596800","390"
"1/17/2019","1547683200","388"
"1/18/2019","1547769600","353"
"1/19/2019","1547856000","362"
"1/20/2019","1547942400","365"
"1/21/2019","1548028800","324"
"1/22/2019","1548115200","331"
"1/23/2019","1548201600","297"
"1/24/2019","1548288000","313"
"1/25/2019","1548374400","289"
"1/26/2019","1548460800","319"
"1/27/2019","1548547200","306"
"1/28/2019","1548633600","289"
"1/29/2019","1548720000","323"
"1/30/2019","1548806400","272"
"1/31/2019","1548892800","326"
"2/1/2019","1548979200","287"
"2/2/2019","1549065600","304"
"2/3/2019","1549152000","248"
"2/4/2019","1549238400","222"
"2/5/2019","1549324800","275"
"2/6/2019","1549411200","237"
"2/7/2019","1549497600","244"
"2/8/2019","1549584000","267"
"2/9/2019","1549670400","246"
"2/10/2019","1549756800","181"
"2/11/2019","1549843200","209"
"2/12/2019","1549929600","207"
"2/13/2019","1550016000","208"
"2/14/2019","1550102400","221"
"2/15/2019","1550188800","225"
"2/16/2019","1550275200","233"
"2/17/2019","1550361600","217"
"2/18/2019","1550448000","271"
"2/19/2019","1550534400","253"
"2/20/2019","1550620800","261"
"2/21/2019","1550707200","222"
"2/22/2019","1550793600","218"
"2/23/2019","1550880000","225"
"2/24/2019","1550966400","227"
"2/25/2019","1551052800","251"
"2/26/2019","1551139200","257"
"2/27/2019","1551225600","254"
"2/28/2019","1551312000","288"
"3/1/2019","1551398400","502"
"3/2/2019","1551484800","474"
"3/3/2019","1551571200","479"
"3/4/2019","1551657600","504"
"3/5/2019","1551744000","510"
"3/6/2019","1551830400","441"
"3/7/2019","1551916800","452"
"3/8/2019","1552003200","484"
"3/9/2019","1552089600","440"
"3/10/2019","1552176000","470"
"3/11/2019","1552262400","433"
"3/12/2019","1552348800","444"
"3/13/2019","1552435200","473"
"3/14/2019","1552521600","461"
"3/15/2019","1552608000","425"
"3/16/2019","1552694400","477"
"3/17/2019","1552780800","440"
"3/18/2019","1552867200","451"
"3/19/2019","1552953600","472"
"3/20/2019","1553040000","480"
"3/21/2019","1553126400","500"
"3/22/2019","1553212800","476"
"3/23/2019","1553299200","516"
"3/24/2019","1553385600","456"
"3/25/2019","1553472000","462"
"3/26/2019","1553558400","505"
"3/27/2019","1553644800","489"
"3/28/2019","1553731200","510"
"3/29/2019","1553817600","479"
"3/30/2019","1553904000","513"
"3/31/2019","1553990400","499"
"4/1/2019","1554076800","505"
"4/2/2019","1554163200","541"
"4/3/2019","1554249600","527"
"4/4/2019","1554336000","559"
"4/5/2019","1554422400","473"
"4/6/2019","1554508800","421"
"4/7/2019","1554595200","431"
"4/8/2019","1554681600","496"
"4/9/2019","1554768000","464"
"4/10/2019","1554854400","493"
"4/11/2019","1554940800","476"
"4/12/2019","1555027200","448"
"4/13/2019","1555113600","439"
"4/14/2019","1555200000","469"
"4/15/2019","1555286400","491"
"4/16/2019","1555372800","505"
"4/17/2019","1555459200","483"
"4/18/2019","1555545600","471"
"4/19/2019","1555632000","477"
"4/20/2019","1555718400","521"
"4/21/2019","1555804800","470"
"4/22/2019","1555891200","473"
"4/23/2019","1555977600","562"
"4/24/2019","1556064000","488"
"4/25/2019","1556150400","446"
"4/26/2019","1556236800","507"
"4/27/2019","1556323200","438"
"4/28/2019","1556409600","489"
"4/29/2019","1556496000","462"
"4/30/2019","1556582400","488"
"5/1/2019","1556668800","454"
"5/2/2019","1556755200","453"
"5/3/2019","1556841600","479"
"5/4/2019","1556928000","456"
"5/5/2019","1557014400","510"
"5/6/2019","1557100800","505"
"5/7/2019","1557187200","501"
"5/8/2019","1557273600","534"
"5/9/2019","1557360000","530"
"5/10/2019","1557446400","505"
"5/11/2019","1557532800","474"
"5/12/2019","1557619200","477"
"5/13/2019","1557705600","491"
"5/14/2019","1557792000","461"
"5/15/2019","1557878400","475"
"5/16/2019","1557964800","533"
"5/17/2019","1558051200","541"
"5/18/2019","1558137600","458"
"5/19/2019","1558224000","485"
"5/20/2019","1558310400","480"
"5/21/2019","1558396800","503"
"5/22/2019","1558483200","505"
"5/23/2019","1558569600","513"
"5/24/2019","1558656000","483"
"5/25/2019","1558742400","426"
"5/26/2019","1558828800","477"
"5/27/2019","1558915200","479"
"5/28/2019","1559001600","497"
"5/29/2019","1559088000","457"
"5/30/2019","1559174400","468"
"5/31/2019","1559260800","477"
"6/1/2019","1559347200","546"
"6/2/2019","1559433600","460"
"6/3/2019","1559520000","511"
"6/4/2019","1559606400","458"
"6/5/2019","1559692800","524"
"6/6/2019","1559779200","475"
"6/7/2019","1559865600","490"
"6/8/2019","1559952000","485"
"6/9/2019","1560038400","449"
"6/10/2019","1560124800","519"
"6/11/2019","1560211200","464"
"6/12/2019","1560297600","492"
"6/13/2019","1560384000","443"
"6/14/2019","1560470400","478"
"6/15/2019","1560556800","514"
"6/16/2019","1560643200","492"
"6/17/2019","1560729600","522"
"6/18/2019","1560816000","444"
"6/19/2019","1560902400","464"
"6/20/2019","1560988800","500"
"6/21/2019","1561075200","480"
"6/22/2019","1561161600","464"
"6/23/2019","1561248000","514"
"6/24/2019","1561334400","483"
"6/25/2019","1561420800","476"
"6/26/2019","1561507200","493"
"6/27/2019","1561593600","492"
"6/28/2019","1561680000","507"
"6/29/2019","1561766400","458"
"6/30/2019","1561852800","465"
"7/1/2019","1561939200","450"
"7/2/2019","1562025600","488"
"7/3/2019","1562112000","452"
"7/4/2019","1562198400","481"
"7/5/2019","1562284800","458"
"7/6/2019","1562371200","490"
"7/7/2019","1562457600","429"
"7/8/2019","1562544000","489"
"7/9/2019","1562630400","454"
"7/10/2019","1562716800","490"
"7/11/2019","1562803200","490"
"7/12/2019","1562889600","490"
"7/13/2019","1562976000","463"
"7/14/2019","1563062400","435"
"7/15/2019","1563148800","480"
"7/16/2019","1563235200","550"
"7/17/2019","1563321600","529"
"7/18/2019","1563408000","444"
"7/19/2019","1563494400","455"
"7/20/2019","1563580800","418"
"7/21/2019","1563667200","400"
"7/22/2019","1563753600","420"
"7/23/2019","1563840000","421"
"7/24/2019","1563926400","471"
"7/25/2019","1564012800","501"
"7/26/2019","1564099200","457"
"7/27/2019","1564185600","429"
"7/28/2019","1564272000","385"
"7/29/2019","1564358400","430"
"7/30/2019","1564444800","435"
"7/31/2019","1564531200","421"
"8/1/2019","1564617600","502"
"8/2/2019","1564704000","447"
"8/3/2019","1564790400","437"
"8/4/2019","1564876800","429"
"8/5/2019","1564963200","449"
"8/6/2019","1565049600","416"
"8/7/2019","1565136000","429"
"8/8/2019","1565222400","447"
"8/9/2019","1565308800","414"
"8/10/2019","1565395200","437"
"8/11/2019","1565481600","407"
"8/12/2019","1565568000","418"
"8/13/2019","1565654400","419"
"8/14/2019","1565740800","447"
"8/15/2019","1565827200","407"
"8/16/2019","1565913600","457"
"8/17/2019","1566000000","402"
"8/18/2019","1566086400","404"
"8/19/2019","1566172800","441"
"8/20/2019","1566259200","448"
"8/21/2019","1566345600","435"
"8/22/2019","1566432000","388"
"8/23/2019","1566518400","467"
"8/24/2019","1566604800","391"
"8/25/2019","1566691200","403"
"8/26/2019","1566777600","448"
"8/27/2019","1566864000","419"
"8/28/2019","1566950400","470"
"8/29/2019","1567036800","451"
"8/30/2019","1567123200","470"
"8/31/2019","1567209600","440"
"9/1/2019","1567296000","450"
"9/2/2019","1567382400","447"
"9/3/2019","1567468800","403"
"9/4/2019","1567555200","401"
"9/5/2019","1567641600","433"
"9/6/2019","1567728000","472"
"9/7/2019","1567814400","441"
"9/8/2019","1567900800","426"
"9/9/2019","1567987200","387"
"9/10/2019","1568073600","429"
"9/11/2019","1568160000","401"
"9/12/2019","1568246400","450"
"9/13/2019","1568332800","444"
"9/14/2019","1568419200","444"
"9/15/2019","1568505600","458"
"9/16/2019","1568592000","477"
"9/17/2019","1568678400","418"
"9/18/2019","1568764800","438"
"9/19/2019","1568851200","457"
"9/20/2019","1568937600","448"
"9/21/2019","1569024000","464"
"9/22/2019","1569110400","404"
"9/23/2019","1569196800","462"
"9/24/2019","1569283200","454"
"9/25/2019","1569369600","490"
"9/26/2019","1569456000","405"
"9/27/2019","1569542400","434"
"9/28/2019","1569628800","391"
"9/29/2019","1569715200","435"
"9/30/2019","1569801600","401"
"10/1/2019","1569888000","421"
"10/2/2019","1569974400","402"
"10/3/2019","1570060800","402"
"10/4/2019","1570147200","377"
"10/5/2019","1570233600","390"
"10/6/2019","1570320000","399"
"10/7/2019","1570406400","391"
"10/8/2019","1570492800","384"
"10/9/2019","1570579200","409"
"10/10/2019","1570665600","403"
"10/11/2019","1570752000","411"
"10/12/2019","1570838400","383"
"10/13/2019","1570924800","398"
"10/14/2019","1571011200","374"
"10/15/2019","1571097600","424"
"10/16/2019","1571184000","392"
"10/17/2019","1571270400","413"
"10/18/2019","1571356800","385"
"10/19/2019","1571443200","365"
"10/20/2019","1571529600","374"
"10/21/2019","1571616000","355"
"10/22/2019","1571702400","364"
"10/23/2019","1571788800","382"
"10/24/2019","1571875200","396"
"10/25/2019","1571961600","396"
"10/26/2019","1572048000","387"
"10/27/2019","1572134400","345"
"10/28/2019","1572220800","389"
"10/29/2019","1572307200","400"
"10/30/2019","1572393600","420"
"10/31/2019","1572480000","402"
"11/1/2019","1572566400","399"
"11/2/2019","1572652800","410"
"11/3/2019","1572739200","363"
"11/4/2019","1572825600","386"
"11/5/2019","1572912000","396"
"11/6/2019","1572998400","400"
"11/7/2019","1573084800","410"
"11/8/2019","1573171200","399"
"11/9/2019","1573257600","358"
"11/10/2019","1573344000","367"
"11/11/2019","1573430400","388"
"11/12/2019","1573516800","388"
"11/13/2019","1573603200","381"
"11/14/2019","1573689600","346"
"11/15/2019","1573776000","375"
"11/16/2019","1573862400","348"
"11/17/2019","1573948800","383"
"11/18/2019","1574035200","366"
"11/19/2019","1574121600","389"
"11/20/2019","1574208000","378"
"11/21/2019","1574294400","372"
"11/22/2019","1574380800","357"
"11/23/2019","1574467200","336"
"11/24/2019","1574553600","350"
"11/25/2019","1574640000","364"
"11/26/2019","1574726400","285"
"11/27/2019","1574812800","333"
"11/28/2019","1574899200","307"
"11/29/2019","1574985600","305"
"11/30/2019","1575072000","316"
"12/1/2019","1575158400","276"
"12/2/2019","1575244800","318"
"12/3/2019","1575331200","344"
"12/4/2019","1575417600","338"
"12/5/2019","1575504000","319"
"12/6/2019","1575590400","330"
"12/7/2019","1575676800","296"
"12/8/2019","1575763200","259"
"12/9/2019","1575849600","303"
"12/10/2019","1575936000","332"
"12/11/2019","1576022400","303"
"12/12/2019","1576108800","296"
"12/13/2019","1576195200","277"
"12/14/2019","1576281600","206"
"12/15/2019","1576368000","249"
"12/16/2019","1576454400","234"
"12/17/2019","1576540800","247"
"12/18/2019","1576627200","256"
"12/19/2019","1576713600","225"
"12/20/2019","1576800000","212"
"12/21/2019","1576886400","212"
"12/22/2019","1576972800","206"
"12/23/2019","1577059200","204"
"12/24/2019","1577145600","198"
"12/25/2019","1577232000","206"
"12/26/2019","1577318400","214"
"12/27/2019","1577404800","220"
"12/28/2019","1577491200","206"
"12/29/2019","1577577600","193"
"12/30/2019","1577664000","229"
"12/31/2019","1577750400","234"
"1/1/2020","1577836800","206"
"1/2/2020","1577923200","291"
"1/3/2020","1578009600","359"
"1/4/2020","1578096000","340"
"1/5/2020","1578182400","320"
"1/6/2020","1578268800","366"
"1/7/2020","1578355200","322"
"1/8/2020","1578441600","359"
"1/9/2020","1578528000","321"
"1/10/2020","1578614400","335"
"1/11/2020","1578700800","343"
"1/12/2020","1578787200","364"
"1/13/2020","1578873600","322"
"1/14/2020","1578960000","350"
"1/15/2020","1579046400","349"
"1/16/2020","1579132800","317"
"1/17/2020","1579219200","388"
"1/18/2020","1579305600","331"
"1/19/2020","1579392000","356"
"1/20/2020","1579478400","319"
"1/21/2020","1579564800","328"
"1/22/2020","1579651200","331"
"1/23/2020","1579737600","358"
"1/24/2020","1579824000","319"
"1/25/2020","1579910400","356"
"1/26/2020","1579996800","337"
"1/27/2020","1580083200","334"
"1/28/2020","1580169600","314"
"1/29/2020","1580256000","341"
"1/30/2020","1580342400","351"
"1/31/2020","1580428800","395"
"2/1/2020","1580515200","321"
"2/2/2020","1580601600","333"
"2/3/2020","1580688000","358"
"2/4/2020","1580774400","386"
"2/5/2020","1580860800","388"
"2/6/2020","1580947200","384"
"2/7/2020","1581033600","394"
"2/8/2020","1581120000","381"
"2/9/2020","1581206400","340"
"2/10/2020","1581292800","316"
"2/11/2020","1581379200","355"
"2/12/2020","1581465600","403"
"2/13/2020","1581552000","392"
"2/14/2020","1581638400","423"
"2/15/2020","1581724800","389"
"2/16/2020","1581811200","364"
"2/17/2020","1581897600","403"
"2/18/2020","1581984000","386"
"2/19/2020","1582070400","401"
"2/20/2020","1582156800","363"
"2/21/2020","1582243200","358"
"2/22/2020","1582329600","360"
"2/23/2020","1582416000","340"
"2/24/2020","1582502400","334"
"2/25/2020","1582588800","364"
"2/26/2020","1582675200","372"
"2/27/2020","1582761600","353"
"2/28/2020","1582848000","374"
"2/29/2020","1582934400","332"
"3/1/2020","1583020800","337"
"3/2/2020","1583107200","350"
"3/3/2020","1583193600","398"
"3/4/2020","1583280000","381"
"3/5/2020","1583366400","355"
"3/6/2020","1583452800","358"
"3/7/2020","1583539200","352"
"3/8/2020","1583625600","365"
"3/9/2020","1583712000","388"
"3/10/2020","1583798400","387"
"3/11/2020","1583884800","368"
"3/12/2020","1583971200","431"
"3/13/2020","1584057600","390"
"3/14/2020","1584144000","369"
"3/15/2020","1584230400","374"
"3/16/2020","1584316800","370"
"3/17/2020","1584403200","375"
"3/18/2020","1584489600","378"
"3/19/2020","1584576000","415"
"3/20/2020","1584662400","430"
"3/21/2020","1584748800","542"
"3/22/2020","1584835200","549"
"3/23/2020","1584921600","560"
"3/24/2020","1585008000","541"
"3/25/2020","1585094400","550"
"3/26/2020","1585180800","385"
"3/27/2020","1585267200","370"
"3/28/2020","1585353600","358"
"3/29/2020","1585440000","360"
"3/30/2020","1585526400","376"
"3/31/2020","1585612800","378"
"4/1/2020","1585699200","373"
"4/2/2020","1585785600","369"
"4/3/2020","1585872000","341"
"4/4/2020","1585958400","340"
"4/5/2020","1586044800","336"
"4/6/2020","1586131200","382"
"4/7/2020","1586217600","394"
"4/8/2020","1586304000","358"
"4/9/2020","1586390400","387"
"4/10/2020","1586476800","395"
"4/11/2020","1586563200","384"
"4/12/2020","1586649600","341"
"4/13/2020","1586736000","395"
"4/14/2020","1586822400","376"
"4/15/2020","1586908800","403"
"4/16/2020","1586995200","410"
"4/17/2020","1587081600","389"
"4/18/2020","1587168000","386"
"4/19/2020","1587254400","396"
"4/20/2020","1587340800","399"
"4/21/2020","1587427200","409"
"4/22/2020","1587513600","449"
"4/23/2020","1587600000","430"
"4/24/2020","1587686400","395"
"4/25/2020","1587772800","442"
"4/26/2020","1587859200","410"
"4/27/2020","1587945600","426"
"4/28/2020","1588032000","435"
"4/29/2020","1588118400","409"
"4/30/2020","1588204800","531"
"5/1/2020","1588291200","496"
"5/2/2020","1588377600","406"
"5/3/2020","1588464000","427"
"5/4/2020","1588550400","385"
"5/5/2020","1588636800","354"
"5/6/2020","1588723200","400"
"5/7/2020","1588809600","433"
"5/8/2020","1588896000","460"
"5/9/2020","1588982400","429"
"5/10/2020","1589068800","440"
"5/11/2020","1589155200","442"
"5/12/2020","1589241600","462"
"5/13/2020","1589328000","423"
"5/14/2020","1589414400","463"
"5/15/2020","1589500800","440"
"5/16/2020","1589587200","431"
"5/17/2020","1589673600","448"
"5/18/2020","1589760000","433"
"5/19/2020","1589846400","441"
"5/20/2020","1589932800","429"
"5/21/2020","1590019200","434"
"5/22/2020","1590105600","467"
"5/23/2020","1590192000","472"
"5/24/2020","1590278400","442"
"5/25/2020","1590364800","445"
"5/26/2020","1590451200","432"
"5/27/2020","1590537600","439"
"5/28/2020","1590624000","417"
"5/29/2020","1590710400","441"
"5/30/2020","1590796800","450"
"5/31/2020","1590883200","442"
"6/1/2020","1590969600","463"
"6/2/2020","1591056000","469"
"6/3/2020","1591142400","437"
"6/4/2020","1591228800","410"
"6/5/2020","1591315200","457"
"6/6/2020","1591401600","431"
"6/7/2020","1591488000","420"
"6/8/2020","1591574400","440"
"6/9/2020","1591660800","449"
"6/10/2020","1591747200","422"
"6/11/2020","1591833600","413"
"6/12/2020","1591920000","416"
"6/13/2020","1592006400","402"
"6/14/2020","1592092800","369"
"6/15/2020","1592179200","417"
"6/16/2020","1592265600","402"
"6/17/2020","1592352000","400"
"6/18/2020","1592438400","436"
"6/19/2020","1592524800","432"
"6/20/2020","1592611200","421"
"6/21/2020","1592697600","402"
"6/22/2020","1592784000","405"
"6/23/2020","1592870400","456"
"6/24/2020","1592956800","429"
"6/25/2020","1593043200","433"
"6/26/2020","1593129600","428"
"6/27/2020","1593216000","430"
"6/28/2020","1593302400","418"
"6/29/2020","1593388800","453"
"6/30/2020","1593475200","454"
"7/1/2020","1593561600","448"
"7/2/2020","1593648000","406"
"7/3/2020","1593734400","429"
"7/4/2020","1593820800","406"
"7/5/2020","1593907200","373"
"7/6/2020","1593993600","423"
"7/7/2020","1594080000","425"
"7/8/2020","1594166400","412"
"7/9/2020","1594252800","451"
"7/10/2020","1594339200","405"
"7/11/2020","1594425600","406"
"7/12/2020","1594512000","410"
"7/13/2020","1594598400","405"
"7/14/2020","1594684800","436"
"7/15/2020","1594771200","424"
"7/16/2020","1594857600","402"
"7/17/2020","1594944000","380"
"7/18/2020","1595030400","411"
"7/19/2020","1595116800","385"
"7/20/2020","1595203200","435"
"7/21/2020","1595289600","472"
"7/22/2020","1595376000","395"
"7/23/2020","1595462400","428"
"7/24/2020","1595548800","397"
"7/25/2020","1595635200","422"
"7/26/2020","1595721600","426"
"7/27/2020","1595808000","419"
"7/28/2020","1595894400","425"
"7/29/2020","1595980800","362"
"7/30/2020","1596067200","414"
"7/31/2020","1596153600","414"
"8/1/2020","1596240000","397"
"8/2/2020","1596326400","406"
"8/3/2020","1596412800","422"
"8/4/2020","1596499200","439"
"8/5/2020","1596585600","389"
"8/6/2020","1596672000","432"
"8/7/2020","1596758400","394"
"8/8/2020","1596844800","378"
"8/9/2020","1596931200","357"
"8/10/2020","1597017600","375"
"8/11/2020","1597104000","398"
"8/12/2020","1597190400","406"
"8/13/2020","1597276800","374"
"8/14/2020","1597363200","372"
"8/15/2020","1597449600","372"
"8/16/2020","1597536000","357"
"8/17/2020","1597622400","359"
"8/18/2020","1597708800","369"
"8/19/2020","1597795200","379"
"8/20/2020","1597881600","340"
"8/21/2020","1597968000","362"
"8/22/2020","1598054400","346"
"8/23/2020","1598140800","340"
"8/24/2020","1598227200","319"
"8/25/2020","1598313600","353"
"8/26/2020","1598400000","363"
"8/27/2020","1598486400","337"
"8/28/2020","1598572800","328"
"8/29/2020","1598659200","353"
"8/30/2020","1598745600","351"
"8/31/2020","1598832000","353"
"9/1/2020","1598918400","321"
"9/2/2020","1599004800","349"
"9/3/2020","1599091200","343"
"9/4/2020","1599177600","382"
"9/5/2020","1599264000","298"
"9/6/2020","1599350400","346"
"9/7/2020","1599436800","331"
"9/8/2020","1599523200","330"
"9/9/2020","1599609600","331"
"9/10/2020","1599696000","354"
"9/11/2020","1599782400","310"
"9/12/2020","1599868800","327"
"9/13/2020","1599955200","312"
"9/14/2020","1600041600","344"
"9/15/2020","1600128000","304"
"9/16/2020","1600214400","323"
"9/17/2020","1600300800","355"
"9/18/2020","1600387200","341"
"9/19/2020","1600473600","336"
"9/20/2020","1600560000","313"
"9/21/2020","1600646400","342"
"9/22/2020","1600732800","333"
"9/23/2020","1600819200","353"
"9/24/2020","1600905600","334"
"9/25/2020","1600992000","337"
"9/26/2020","1601078400","330"
"9/27/2020","1601164800","300"
"9/28/2020","1601251200","293"
"9/29/2020","1601337600","286"
"9/30/2020","1601424000","296"
"10/1/2020","1601510400","273"
"10/2/2020","1601596800","328"
"10/3/2020","1601683200","329"
"10/4/2020","1601769600","301"
"10/5/2020","1601856000","310"
"10/6/2020","1601942400","281"
"10/7/2020","1602028800","302"
"10/8/2020","1602115200","368"
"10/9/2020","1602201600","342"
"10/10/2020","1602288000","293"
"10/11/2020","1602374400","313"
"10/12/2020","1602460800","354"
"10/13/2020","1602547200","345"
"10/14/2020","1602633600","312"
"10/15/2020","1602720000","300"
"10/16/2020","1602806400","292"
"10/17/2020","1602892800","314"
"10/18/2020","1602979200","283"
"10/19/2020","1603065600","350"
"10/20/2020","1603152000","317"
"10/21/2020","1603238400","299"
"10/22/2020","1603324800","318"
"10/23/2020","1603411200","299"
"10/24/2020","1603497600","307"
"10/25/2020","1603584000","288"
"10/26/2020","1603670400","318"
"10/27/2020","1603756800","309"
"10/28/2020","1603843200","319"
"10/29/2020","1603929600","327"
"10/30/2020","1604016000","284"
"10/31/2020","1604102400","292"
"11/1/2020","1604188800","323"
"11/2/2020","1604275200","288"
"11/3/2020","1604361600","303"
"11/4/2020","1604448000","273"
"11/5/2020","1604534400","314"
"11/6/2020","1604620800","312"
"11/7/2020","1604707200","306"
"11/8/2020","1604793600","290"
"11/9/2020","1604880000","290"
"11/10/2020","1604966400","320"
"11/11/2020","1605052800","289"
"11/12/2020","1605139200","295"
"11/13/2020","1605225600","297"
"11/14/2020","1605312000","299"
"11/15/2020","1605398400","295"
"11/16/2020","1605484800","303"
"11/17/2020","1605571200","307"
"11/18/2020","1605657600","291"
"11/19/2020","1605744000","310"
"11/20/2020","1605830400","317"
"11/21/2020","1605916800","312"
"11/22/2020","1606003200","300"
"11/23/2020","1606089600","333"
"11/24/2020","1606176000","320"
"11/25/2020","1606262400","333"
"11/26/2020","1606348800","283"
"11/27/2020","1606435200","303"
"11/28/2020","1606521600","298"
"11/29/2020","1606608000","305"
"11/30/2020","1606694400","315"
"12/1/2020","1606780800","309"
"12/2/2020","1606867200","295"
"12/3/2020","1606953600","293"
"12/4/2020","1607040000","312"
"12/5/2020","1607126400","308"
"12/6/2020","1607212800","297"
"12/7/2020","1607299200","283"
"12/8/2020","1607385600","297"
"12/9/2020","1607472000","290"
"12/10/2020","1607558400","269"
"12/11/2020","1607644800","312"
"12/12/2020","1607731200","317"
"12/13/2020","1607817600","260"
"12/14/2020","1607904000","312"
"12/15/2020","1607990400","283"
"12/16/2020","1608076800","305"
"12/17/2020","1608163200","296"
"12/18/2020","1608249600","301"
"12/19/2020","1608336000","279"
"12/20/2020","1608422400","306"
"12/21/2020","1608508800","300"
"12/22/2020","1608595200","274"
"12/23/2020","1608681600","303"
"12/24/2020","1608768000","252"
"12/25/2020","1608854400","312"
"12/26/2020","1608940800","326"
"12/27/2020","1609027200","281"
"12/28/2020","1609113600","269"
"12/29/2020","1609200000","278"
"12/30/2020","1609286400","275"
"12/31/2020","1609372800","285"
"1/1/2021","1609459200","259"
"1/2/2021","1609545600","272"
"1/3/2021","1609632000","304"
"1/4/2021","1609718400","268"
"1/5/2021","1609804800","311"
"1/6/2021","1609891200","314"
"1/7/2021","1609977600","278"
"1/8/2021","1610064000","265"
"1/9/2021","1610150400","283"
"1/10/2021","1610236800","255"
"1/11/2021","1610323200","299"
"1/12/2021","1610409600","285"
"1/13/2021","1610496000","290"
"1/14/2021","1610582400","317"
"1/15/2021","1610668800","278"
"1/16/2021","1610755200","288"
"1/17/2021","1610841600","294"
"1/18/2021","1610928000","319"
"1/19/2021","1611014400","290"
"1/20/2021","1611100800","263"
"1/21/2021","1611187200","293"
"1/22/2021","1611273600","311"
"1/23/2021","1611360000","275"
"1/24/2021","1611446400","313"
"1/25/2021","1611532800","289"
"1/26/2021","1611619200","311"
"1/27/2021","1611705600","263"
"1/28/2021","1611792000","326"
"1/29/2021","1611878400","294"
"1/30/2021","1611964800","305"
"1/31/2021","1612051200","268"
"2/1/2021","1612137600","315"
"2/2/2021","1612224000","320"
"2/3/2021","1612310400","333"
"2/4/2021","1612396800","336"
"2/5/2021","1612483200","312"
"2/6/2021","1612569600","281"
"2/7/2021","1612656000","312"
"2/8/2021","1612742400","304"
"2/9/2021","1612828800","307"
"2/10/2021","1612915200","299"
"2/11/2021","1613001600","286"
"2/12/2021","1613088000","294"
"2/13/2021","1613174400","302"
"2/14/2021","1613260800","290"
"2/15/2021","1613347200","291"
"2/16/2021","1613433600","282"
"2/17/2021","1613520000","291"
"2/18/2021","1613606400","310"
"2/19/2021","1613692800","305"
"2/20/2021","1613779200","288"
"2/21/2021","1613865600","307"
"2/22/2021","1613952000","286"
"2/23/2021","1614038400","313"
"2/24/2021","1614124800","297"
"2/25/2021","1614211200","289"
"2/26/2021","1614297600","290"
"2/27/2021","1614384000","301"
"2/28/2021","1614470400","298"
"3/1/2021","1614556800","290"
"3/2/2021","1614643200","310"
"3/3/2021","1614729600","308"
"3/4/2021","1614816000","329"
"3/5/2021","1614902400","290"
"3/6/2021","1614988800","289"
"3/7/2021","1615075200","293"
"3/8/2021","1615161600","307"
"3/9/2021","1615248000","336"
"3/10/2021","1615334400","298"
"3/11/2021","1615420800","301"
"3/12/2021","1615507200","323"
"3/13/2021","1615593600","312"
"3/14/2021","1615680000","346"
"3/15/2021","1615766400","320"
"3/16/2021","1615852800","300"
"3/17/2021","1615939200","322"
"3/18/2021","1616025600","298"
"3/19/2021","1616112000","290"
"3/20/2021","1616198400","302"
"3/21/2021","1616284800","294"
"3/22/2021","1616371200","297"
"3/23/2021","1616457600","305"
"3/24/2021","1616544000","312"
"3/25/2021","1616630400","291"
"3/26/2021","1616716800","289"
"3/27/2021","1616803200","294"
"3/28/2021","1616889600","293"
"3/29/2021","1616976000","307"
"3/30/2021","1617062400","304"
"3/31/2021","1617148800","298"
"4/1/2021","1617235200","276"
"4/2/2021","1617321600","290"
"4/3/2021","1617408000","296"
"4/4/2021","1617494400","291"
"4/5/2021","1617580800","286"
"4/6/2021","1617667200","302"
"4/7/2021","1617753600","261"
"4/8/2021","1617840000","324"
"4/9/2021","1617926400","269"
"4/10/2021","1618012800","262"
"4/11/2021","1618099200","276"
"4/12/2021","1618185600","298"
"4/13/2021","1618272000","300"
"4/14/2021","1618358400","302"
"4/15/2021","1618444800","269"
"4/16/2021","1618531200","297"
"4/17/2021","1618617600","290"
"4/18/2021","1618704000","301"
"4/19/2021","1618790400","288"
"4/20/2021","1618876800","302"
"4/21/2021","1618963200","302"
"4/22/2021","1619049600","314"
"4/23/2021","1619136000","309"
"4/24/2021","1619222400","307"
"4/25/2021","1619308800","293"
"4/26/2021","1619395200","305"
"4/27/2021","1619481600","287"
"4/28/2021","1619568000","348"
"4/29/2021","1619654400","284"
"4/30/2021","1619740800","282"
"5/1/2021","1619827200","318"
"5/2/2021","1619913600","331"
"5/3/2021","1620000000","300"
"5/4/2021","1620086400","287"
"5/5/2021","1620172800","299"
"5/6/2021","1620259200","297"
"5/7/2021","1620345600","306"
"5/8/2021","1620432000","283"
"5/9/2021","1620518400","279"
"5/10/2021","1620604800","313"
"5/11/2021","1620691200","317"
"5/12/2021","1620777600","313"
"5/13/2021","1620864000","327"
"5/14/2021","1620950400","309"
"5/15/2021","1621036800","331"
"5/16/2021","1621123200","304"
"5/17/2021","1621209600","333"
"5/18/2021","1621296000","323"
"5/19/2021","1621382400","342"
"5/20/2021","1621468800","348"
"5/21/2021","1621555200","316"
"5/22/2021","1621641600","328"
"5/23/2021","1621728000","309"
"5/24/2021","1621814400","301"
"5/25/2021","1621900800","284"
"5/26/2021","1621987200","301"
"5/27/2021","1622073600","299"
"5/28/2021","1622160000","319"
"5/29/2021","1622246400","337"
"5/30/2021","1622332800","342"
"5/31/2021","1622419200","309"
"6/1/2021","1622505600","286"
"6/2/2021","1622592000","317"
"6/3/2021","1622678400","320"
"6/4/2021","1622764800","324"
"6/5/2021","1622851200","276"
"6/6/2021","1622937600","295"
"6/7/2021","1623024000","308"
"6/8/2021","1623110400","296"
"6/9/2021","1623196800","306"
"6/10/2021","1623283200","255"
"6/11/2021","1623369600","305"
"6/12/2021","1623456000","298"
"6/13/2021","1623542400","276"
"6/14/2021","1623628800","360"
"6/15/2021","1623715200","318"
"6/16/2021","1623801600","298"
"6/17/2021","1623888000","320"
"6/18/2021","1623974400","275"
"6/19/2021","1624060800","340"
"6/20/2021","1624147200","291"
"6/21/2021","1624233600","320"
"6/22/2021","1624320000","344"
"6/23/2021","1624406400","312"
"6/24/2021","1624492800","280"
"6/25/2021","1624579200","279"
"6/26/2021","1624665600","313"
"6/27/2021","1624752000","306"
"6/28/2021","1624838400","334"
"6/29/2021","1624924800","305"
"6/30/2021","1625011200","309"
"7/1/2021","1625097600","302"
"7/2/2021","1625184000","308"
"7/3/2021","1625270400","281"
"7/4/2021","1625356800","301"
"7/5/2021","1625443200","326"
"7/6/2021","1625529600","344"
"7/7/2021","1625616000","337"
"7/8/2021","1625702400","314"
"7/9/2021","1625788800","289"
"7/10/2021","1625875200","316"
"7/11/2021","1625961600","278"
"7/12/2021","1626048000","283"
"7/13/2021","1626134400","319"
"7/14/2021","1626220800","330"
"7/15/2021","1626307200","321"
"7/16/2021","1626393600","326"
"7/17/2021","1626480000","280"
"7/18/2021","1626566400","321"
"7/19/2021","1626652800","262"
"7/20/2021","1626739200","305"
"7/21/2021","1626825600","336"
"7/22/2021","1626912000","285"
"7/23/2021","1626998400","306"
"7/24/2021","1627084800","297"
"7/25/2021","1627171200","290"
"7/26/2021","1627257600","302"
"7/27/2021","1627344000","311"
"7/28/2021","1627430400","304"
"7/29/2021","1627516800","275"
"7/30/2021","1627603200","316"
"7/31/2021","1627689600","305"
"8/1/2021","1627776000","277"
"8/2/2021","1627862400","287"
"8/3/2021","1627948800","289"
"8/4/2021","1628035200","307"
"8/5/2021","1628121600","299"
"8/6/2021","1628208000","299"
"8/7/2021","1628294400","274"
"8/8/2021","1628380800","294"
"8/9/2021","1628467200","303"
"8/10/2021","1628553600","300"
"8/11/2021","1628640000","289"
"8/12/2021","1628726400","307"
"8/13/2021","1628812800","308"
"8/14/2021","1628899200","303"
"8/15/2021","1628985600","274"
"8/16/2021","1629072000","298"
"8/17/2021","1629158400","316"
"8/18/2021","1629244800","309"
"8/19/2021","1629331200","337"
"8/20/2021","1629417600","316"
"8/21/2021","1629504000","313"
"8/22/2021","1629590400","292"
"8/23/2021","1629676800","327"
"8/24/2021","1629763200","309"
"8/25/2021","1629849600","355"
"8/26/2021","1629936000","293"
"8/27/2021","1630022400","334"
"8/28/2021","1630108800","292"
"8/29/2021","1630195200","299"
"8/30/2021","1630281600","302"
"8/31/2021","1630368000","345"
"9/1/2021","1630454400","323"
"9/2/2021","1630540800","304"
"9/3/2021","1630627200","323"
"9/4/2021","1630713600","310"
"9/5/2021","1630800000","316"
"9/6/2021","1630886400","329"
"9/7/2021","1630972800","347"
"9/8/2021","1631059200","312"
"9/9/2021","1631145600","328"
"9/10/2021","1631232000","316"
"9/11/2021","1631318400","339"
"9/12/2021","1631404800","287"
"9/13/2021","1631491200","319"
"9/14/2021","1631577600","294"
"9/15/2021","1631664000","340"
"9/16/2021","1631750400","319"
"9/17/2021","1631836800","321"
"9/18/2021","1631923200","314"
"9/19/2021","1632009600","291"
"9/20/2021","1632096000","338"
"9/21/2021","1632182400","326"
"9/22/2021","1632268800","322"
"9/23/2021","1632355200","309"
"9/24/2021","1632441600","304"
"9/25/2021","1632528000","324"
"9/26/2021","1632614400","306"
"9/27/2021","1632700800","326"
"9/28/2021","1632787200","336"
"9/29/2021","1632873600","371"
"9/30/2021","1632960000","355"
"10/1/2021","1633046400","343"
"10/2/2021","1633132800","338"
"10/3/2021","1633219200","349"
"10/4/2021","1633305600","342"
"10/5/2021","1633392000","337"
"10/6/2021","1633478400","361"
"10/7/2021","1633564800","340"
"10/8/2021","1633651200","360"
"10/9/2021","1633737600","352"
"10/10/2021","1633824000","358"
"10/11/2021","1633910400","370"
"10/12/2021","1633996800","362"
"10/13/2021","1634083200","373"
"10/14/2021","1634169600","395"
"10/15/2021","1634256000","392"
"10/16/2021","1634342400","361"
"10/17/2021","1634428800","396"
"10/18/2021","1634515200","370"
"10/19/2021","1634601600","325"
"10/20/2021","1634688000","364"
"10/21/2021","1634774400","304"
"10/22/2021","1634860800","381"
"10/23/2021","1634947200","363"
"10/24/2021","1635033600","362"
"10/25/2021","1635120000","359"
"10/26/2021","1635206400","342"
"10/27/2021","1635292800","365"
"10/28/2021","1635379200","347"
"10/29/2021","1635465600","364"
"10/30/2021","1635552000","394"
"10/31/2021","1635638400","373"
"11/1/2021","1635724800","379"
"11/2/2021","1635811200","413"
"11/3/2021","1635897600","380"
"11/4/2021","1635984000","343"
"11/5/2021","1636070400","330"
"11/6/2021","1636156800","349"
"11/7/2021","1636243200","353"
"11/8/2021","1636329600","357"
"11/9/2021","1636416000","327"
"11/10/2021","1636502400","365"
"11/11/2021","1636588800","340"
"11/12/2021","1636675200","310"
"11/13/2021","1636761600","300"
"11/14/2021","1636848000","310"
"11/15/2021","1636934400","334"
"11/16/2021","1637020800","367"
"11/17/2021","1637107200","356"
"11/18/2021","1637193600","310"
"11/19/2021","1637280000","349"
"11/20/2021","1637366400","332"
"11/21/2021","1637452800","371"
"11/22/2021","1637539200","348"
"11/23/2021","1637625600","332"
