,date,tw_polarity,tw_subjectivity,news_polarity,AdrActCnt,AdrBal1in100KCnt,AdrBal1in100MCnt,AdrBal1in10BCnt,AdrBal1in10KCnt,AdrBal1in10MCnt,AdrBal1in1BCnt,AdrBal1in1KCnt,AdrBal1in1MCnt,AdrBalCnt,AdrBalNtv0.001Cnt,AdrBalNtv0.01Cnt,AdrBalNtv0.1Cnt,AdrBalNtv100Cnt,AdrBalNtv100KCnt,AdrBalNtv10Cnt,AdrBalNtv10KCnt,AdrBalNtv1Cnt,AdrBalNtv1KCnt,AdrBalNtv1MCnt,AdrBalUSD100Cnt,AdrBalUSD100KCnt,AdrBalUSD10Cnt,AdrBalUSD10KCnt,AdrBalUSD10MCnt,AdrBalUSD1Cnt,AdrBalUSD1KCnt,AdrBalUSD1MCnt,AssetEODCompletionTime,BlkCnt,BlkSizeMeanByte,CapAct1yrUSD,CapMVRVCur,CapMVRVFF,CapMrktCurUSD,CapMrktFFUSD,CapRealUSD,DiffLast,DiffMean,FeeByteMeanNtv,FeeMeanNtv,FeeMeanUSD,FeeMedNtv,FeeMedUSD,FeeTotNtv,FeeTotUSD,FlowInExNtv,FlowInExUSD,FlowOutExNtv,FlowOutExUSD,FlowTfrFromExCnt,GasLmtBlk,GasLmtBlkMean,GasLmtTx,GasLmtTxMean,GasUsedTx,GasUsedTxMean,HashRate,IssContNtv,IssContPctAnn,IssContPctDay,IssContUSD,IssTotNtv,IssTotUSD,NDF,NVTAdj,NVTAdj90,NVTAdjFF,NVTAdjFF90,PriceBTC,PriceUSD,ROI1yr,ROI30d,RevAllTimeUSD,RevHashNtv,RevHashRateNtv,RevHashRateUSD,RevHashUSD,RevNtv,RevUSD,SER,SplyAct10yr,SplyAct180d,SplyAct1d,SplyAct1yr,SplyAct2yr,SplyAct30d,SplyAct3yr,SplyAct4yr,SplyAct5yr,SplyAct7d,SplyAct90d,SplyActEver,SplyActPct1yr,SplyAdrBal1in100K,SplyAdrBal1in100M,SplyAdrBal1in10B,SplyAdrBal1in10K,SplyAdrBal1in10M,SplyAdrBal1in1B,SplyAdrBal1in1K,SplyAdrBal1in1M,SplyAdrBalNtv0.001,SplyAdrBalNtv0.01,SplyAdrBalNtv0.1,SplyAdrBalNtv1,SplyAdrBalNtv10,SplyAdrBalNtv100,SplyAdrBalNtv100K,SplyAdrBalNtv10K,SplyAdrBalNtv1K,SplyAdrBalNtv1M,SplyAdrBalUSD1,SplyAdrBalUSD10,SplyAdrBalUSD100,SplyAdrBalUSD100K,SplyAdrBalUSD10K,SplyAdrBalUSD10M,SplyAdrBalUSD1K,SplyAdrBalUSD1M,SplyAdrTop100,SplyAdrTop10Pct,SplyAdrTop1Pct,SplyCur,SplyExpFut10yr,SplyFF,TxCnt,TxCntSec,TxTfrCnt,TxTfrValAdjNtv,TxTfrValAdjUSD,TxTfrValMeanNtv,TxTfrValMeanUSD,TxTfrValMedNtv,TxTfrValMedUSD,VelCur1yr,VtyDayRet180d,VtyDayRet30d,Open,High,Low,Close,Volume
0,11/1/2021,0.02371125,0.167990247,2.177272727,659286,5584,1162092,17685680,1062,241904,5465794,126,36707,66628139,39568301,19086127,6068455,44456,154,284251,1318,1369788,6808,8,13016472,144058,32327752,768801,3281,51804745,3793424,21560,1635816985,6423,65442.14868,3.14862E+11,2.053843735,1.955516688,5.08055E+11,4.83732E+11,2.47368E+11,1.06E+16,1.03E+16,3.82E-05,0.011980601,51.82553955,0.006320011,27.33902862,16074.76734,69536036.65,202629.4426,876532023.5,259756.7259,1123652543,146754,1.92666E+11,29996206.83,2.21995E+11,165453.5749,99188257225,73925.48087,767.4338963,13518.1875,4.201124341,0.01150993,58476814.09,13518.1875,58476814.09,0.67061781,51.65970831,55.68913441,49.18651794,53.02303668,0.070807656,4325.78806,993.5366571,27.45934859,23409191117,0.000230302,19.89806064,86074.79313,0.996236032,15270.4462,66056713.86,0.049791283,114401796,55995192.2,19053515.61,72787140.73,90334293.32,35622991.72,103535492.5,107765375.5,112319068.2,26312168.74,44693687.05,114401796,61.97390555,94374951.29,115170435.7,117342640.4,78762751,111759992.5,116859992.4,49325848.85,104833180.1,117440028,117357504.4,116924127.7,115388869.6,112208438.9,105647227.6,52277263.5,81461442.3,95654891.02,24924312.23,117447141.1,117428691.5,117263815.3,110147332.5,114507532.8,90540662.98,116580891.9,102340243.1,46023104.47,116980310.6,114237927,117448045.4,166411066.3,111825261.5,1341733,15.52931713,1010746,2273494.165,9834653913,2.831825626,12249.87748,0.101863372,440.6393589,20.16669092,0.056931305,0.031075473,4192.86,4383.1,4150.63,4323.29,18064.59457
1,11/2/2021,0.064757143,0.202143651,1.185,676773,5568,1159919,17752492,1067,241991,5467644,126,36697,66741717,39666569,19156943,6074820,44445,153,284395,1322,1366433,6806,8,13480508,150396,32936718,794183,3386,52182638,3902348,22478,1635903386,6308,65874.34496,3.3372E+11,2.132606248,2.030484206,5.38651E+11,5.12857E+11,2.52579E+11,1.05E+16,1.05E+16,4.25E-05,0.012650458,58.01980192,0.006833493,31.34099059,17655.6878,80975684.67,349581.6381,1603314060,375984.056,1724405568,161829,1.89215E+11,29996088.87,2.27116E+11,162730.2958,97381906892,69775.0068,763.5983609,13350.3125,4.149032125,0.011367211,61229599.62,13350.3125,61229599.62,0.671154125,46.62384271,58.82390091,44.39121209,56.00705797,0.072771089,4586.379504,1094.841634,34.08745142,23479878253,0.00023361,20.1839149,92571.0936,1.071424694,15412.40433,70687135.33,0.049731848,114398929.8,55916984.33,19814513.27,72763383.22,90315157.56,35692944.78,103534465.7,107750375.2,112315785.4,26276276.93,44699764.72,114398929.8,61.9548608,94356445.34,115167054.7,117340238.4,78824234.57,111764283.3,116854257.1,49271468.19,104833940.7,117437778.3,117355146,116918870.9,115384246.2,112213310.7,105647855.3,52122867.77,81512917.32,95651759.58,24929121.96,117444958.1,117427590,117270398.5,110292091.5,114565325.7,90793689.63,116599565.6,102547233.9,45957526.06,116975519,114243068.5,117445802.1,166363074.3,111821789.2,1395656,16.15342593,1040725,2519007.342,11553123644,3.088697588,14165.93931,0.113797138,521.9168605,20.14095971,0.057087917,0.032409124,4323.29,4643.44,4319.61,4592.82,23535.33317
2,11/3/2021,0.094969415,0.190958969,0.397272727,698046,5567,1159787,17834037,1063,241933,5476884,125,36698,66878714,39785252,19242738,6088750,44448,152,284335,1319,1366658,6799,8,13566838,150679,33074814,794607,3397,52320743,3913423,22523,1635990194,6385,65289.97024,3.34618E+11,2.120979203,2.019450675,5.40111E+11,5.14257E+11,2.54652E+11,1.07E+16,1.05E+16,3.95E-05,0.011610033,53.39282325,0.006498743,29.88675696,16453.98205,75669430.35,411026.4148,1890249703,547037.8001,2515745951,157274,1.91533E+11,29997315.57,2.28736E+11,161397.4991,98615686109,69583.8448,775.136689,13446,4.178807073,0.011448787,61836165.72,13446,61836165.72,0.670628821,33.01549824,58.46721174,31.43508909,55.66846202,0.073048692,4598.852129,1083.598877,35.59442467,23550760938,0.000230143,19.8843969,91445.40102,1.058395845,15413.12558,70882685.37,0.0497782,114397258.6,55941643.93,20615866.09,72761289.92,90313002.27,36171301.41,103545241.8,107743977,112316978.8,27015024.96,44879301.68,114397258.6,61.95362751,94355294.55,115158353.5,117338994.9,78761841.76,111758111.5,116849362.8,49222040.06,104828611.3,117436730.8,117353947.6,116914473.2,115375916.2,112207143.6,105642704.9,52074704.47,81461011.1,95644492.89,24853834.58,117443918.8,117426588.6,117269321.7,110292750.8,114558130.8,90807514.35,116595260.9,102551500.1,46011975.46,116971120,114239762.5,117444761.3,166416817.8,111822832.6,1417221,16.40302083,1054446,3557261.514,16359319688,3.982100876,18313.09309,0.10307898,474.0449888,20.11977279,0.057085822,0.03225613,4592.82,4670.49,4456.27,4561.04,20886.65084
3,11/4/2021,0.086154095,0.269626409,-0.366666667,667720,5560,1159888,17904844,1065,241758,5483475,125,36710,67004428,39892169,19317141,6097885,44459,152,284133,1320,1366628,6797,8,13534210,148813,33030634,787439,3366,52381136,3888041,22293,1636076042,6282,64493.94699,3.29993E+11,2.068760285,1.969715813,5.32685E+11,5.07182E+11,2.5749E+11,1.01E+16,1.03E+16,3.57E-05,0.010697537,48.5197674,0.00582293,26.41049293,14465.05943,65607750.2,271381.2729,1230877402,325684.9872,1477177429,145972,1.88433E+11,29995646.66,2.20794E+11,163286.4324,96926416150,71681.27473,746.2292438,13175.1875,4.094628072,0.011218159,59757404.72,13175.1875,59757404.72,0.670800889,46.78903588,57.49777098,44.54895256,54.74499365,0.073877089,4535.601844,1028.83309,28.8371555,23618283426,0.000230902,19.94992419,90484.91296,1.047279085,14887.21685,67522488.18,0.049830335,114397572.1,55602049.63,21401164.03,72756140.56,90317712.81,37588851.22,103546923.8,107736859.5,112317073.6,28169987.4,45689945.52,114397572.1,61.94902034,94340544.11,115153496.2,117339228.6,78782333.42,111752651.6,116846490.4,49262128.86,104828376,117437145.8,117354220.2,116911870.1,115370941.2,112201396.2,105642499.5,52116833.24,81469571.63,95635410.67,24838206.18,117444327.7,117426676.2,117267338.7,110249600.1,114537266.7,90743409.65,116585491.8,102498741.6,46062918.5,116968835.5,114238281.1,117445183.4,166282175.6,111822349.1,1352186,15.65030093,1002031,2510100.523,11384816559,3.020090808,13697.92944,0.101256002,459.256908,20.08686034,0.056517101,0.032124016,4561.04,4561.04,4421.4,4547.08,14110.61024
4,11/5/2021,0.170270563,0.256662458,1.322222222,653773,5560,1160528,17966658,1062,241656,5490042,124,36680,67121858,39988931,19382314,6107738,44441,152,283959,1317,1367825,6800,8,13466832,147460,32975847,781709,3342,52430201,3869201,22072,1636162863,6446,63036.3686,3.25508E+11,2.043005176,1.945180856,5.25796E+11,5.0062E+11,2.57364E+11,1.06E+16,1.03E+16,3.37E-05,0.010221965,45.76268954,0.005385044,24.10828864,13693.96842,61306490.43,292025.0297,1307366071,328484.7878,1470592664,143584,1.93347E+11,29994858.38,2.20695E+11,164739.352,99426765719,74217.8549,770.161161,13476.625,4.188259222,0.011474683,60333466.26,13476.625,60333466.26,0.67049775,50.9194356,56.60204127,48.48128261,53.89179056,0.073384733,4476.897314,973.6032888,24.7590791,23685941476,0.000227116,19.62278877,87849.21035,1.016773268,15112.70978,67658049.83,0.049885572,114398483.9,54709290.17,23209277.57,72708372.5,90320624.26,37552563.34,103548564.8,107733515.1,112317830.4,30160847.5,45636184.48,114398483.9,61.90759985,94346757.77,115149218.8,117340463.5,78747682.52,111747846.4,116845045.5,49292048.85,104823974.7,117438557.7,117355491.3,116910777.7,115367234.8,112195844,105639330.4,52263748.9,81436799.78,95644658.23,25066299.49,117445732.8,117427756.4,117265758.3,110216387.6,114519259.7,90694793.11,116578386.6,102451072.9,46216075.93,116967920.5,114236552,117446602.2,166329059.4,111822958,1339661,15.50533565,1001323,2306518.145,10326044888,2.901233658,12988.52517,0.100887413,451.6625883,20.03174971,0.056524324,0.032291209,4547.08,4573.23,4445.99,4496.29,13151.56916
5,11/6/2021,0.075245581,0.223823232,0.961111111,626350,5564,1160843,18018125,1059,241700,5495479,124,36685,67232725,40080230,19437566,6111849,44426,152,283999,1315,1367748,6798,8,13586870,148101,33117866,785321,3357,52569357,3887512,22203,1636248762,6339,62972.41458,3.27764E+11,2.054349748,1.956064892,5.29891E+11,5.0454E+11,2.57936E+11,1.03E+16,1.04E+16,2.93E-05,0.009321949,42.05730153,0.00445788,20.11236115,11707.63141,52820648.19,219809.4984,991701888.4,239205.3607,1079209086,132166,1.90139E+11,29995182.08,2.12043E+11,168834.4505,97806897593,77876.63204,761.4121699,13292.5625,4.130947725,0.011317665,59971290.74,13292.5625,59971290.74,0.670222322,73.63979409,56.98113619,70.11669555,54.25502649,0.073413695,4511.642562,888.4244732,25.69675621,23752696252,0.000224913,19.4324628,87672.32628,1.014725999,14796.11367,66754776.19,0.049925363,114402036.8,54506050,22158734.39,72648502.66,90323087.52,37318123.71,103550029.5,107700184.1,112321160.2,27584126.04,45515409.67,114402036.8,61.85499704,94350381.23,115148680.4,117343355,78717404.36,111746300,116846170.7,49227578.08,104822927.7,117441639.5,117358424.2,116911744.9,115366290.9,112194254.9,105636183.1,52201648.76,81418219.7,95642390.3,25079341.34,117448828.6,117430956.3,117270231.8,110228729,114526014.6,90724539.54,116582463.9,102478089.3,46150147.41,116969506.9,114238342.2,117449690.6,166284790.8,111830625,1255921,14.53612269,988474,1594921.497,7195715710,2.024234528,9132.622655,0.093,419.5827583,19.96815019,0.056522765,0.032263119,4496.29,4575.9,4330,4554.24,14125.61144
6,11/7/2021,0.035833333,0.221388889,0.6,635935,5558,1161571,18073374,1060,241714,5501726,125,36647,67347568,40173926,19496659,6116649,44400,152,284047,1313,1368666,6792,8,13779721,150705,33439973,796357,3393,52767266,3935598,22494,1636335748,6452,63395.81324,3.34878E+11,2.081865988,1.982251338,5.41381E+11,5.15477E+11,2.60046E+11,1.09E+16,1.05E+16,2.47E-05,0.007922984,36.51933884,0.00399,18.39107145,10117.63452,46635122.66,120185.0725,553967983.8,129514.0436,596967927.5,129563,1.93529E+11,29995208.8,2.09446E+11,164014.1534,99639707191,78026.51781,787.1156194,13529.3125,4.204358423,0.01151879,62360539.58,13529.3125,62360539.58,0.670524218,98.70627119,58.66711763,93.98330116,55.85997038,0.073112486,4609.291091,955.3080098,29.43468933,23820500108,0.000216306,18.68881324,86142.18035,0.997015976,14710.25681,67803855.65,0.049976727,114406072.9,54281714.28,19247963.67,72652857.87,90331500.08,37298840.34,103558707.4,107703067.1,112324732,27706033.92,45542709.42,114406072.9,61.85628643,94356059.42,115149221.5,117347758,78755941.4,111744906.1,116848764.4,49336641.15,104817801.8,117446225.6,117362869.1,116914182.2,115367028.6,112193199,105632180.6,52195812.55,81426608.64,95647959.61,25085074.93,117453440.9,117436051.3,117277723.6,110284021.8,114549355.7,90822001.74,116594330.1,102544385.3,46137441.79,116972536.4,114240718.3,117454283.3,166409037.7,111834244.6,1276998,14.78006944,1039975,1189937.396,5484767837,1.570996422,7241.179813,0.09,414.8361982,19.91989131,0.056425104,0.032220775,4554.24,4739.76,4523.66,4724.67,10429.26033
7,11/8/2021,0.014130366,0.241950758,0.436363636,652986,5556,1158513,18130784,1060,240969,5504329,125,36599,67463135,40269647,19556613,6120046,44333,152,283220,1314,1365404,6785,8,14066980,155319,33810603,817401,3498,53195408,4023658,23203,1636421875,6346,63552.84857,3.49477E+11,2.132090628,2.030058135,5.65102E+11,5.38058E+11,2.65046E+11,1.08E+16,1.07E+16,3.20E-05,0.009701949,46.67759298,0.004873046,23.44498676,12894.0644,62035361.27,374440.022,1801489532,316945.6231,1524874983,132157,1.90344E+11,29994353.63,2.17316E+11,163516.0385,98044586198,73772.20338,784.6653605,13324.5625,4.140651287,0.01134425,64106554.99,13324.5625,64106554.99,0.670378975,52.00319699,61.04088112,49.51455238,58.11973265,0.071232328,4811.156463,956.524568,34.39464913,23893344649,0.000223331,19.29581147,92835.16804,1.074481112,15140.75486,72844540.6,0.04993246,114408234.8,54194989.46,20271286.53,72638877.52,90307064.45,37457446.48,103566095,107695719,112326496.9,28450698.02,45681296.41,114408234.8,61.84320068,94391015.71,115147594.4,117349829.9,78740388.2,111751752,116848323.7,49315744.82,104844826.7,117448464.6,117364968.1,116913827.5,115365181.6,112199189.5,105657292.8,52175390.05,81424584.54,95677887.39,25072584.13,117455754.8,117438879.1,117284715.9,110402326.1,114598205.1,91076048.97,116612171.7,102728507.1,46107546.6,116972909.6,114249887.3,117456530,166314598.4,111835576.3,1329018,15.38215278,1001529,2258640.56,10866673127,2.771342987,13333.36472,0.100519891,483.6169232,19.91776077,0.056411636,0.032812341,4724.67,4826,4706.05,4816,15375.43645
8,11/9/2021,0.069159486,0.206443556,1.587878788,615664,5562,1160133,18206304,1064,240956,5517124,126,36555,67578794,40371922,19634394,6137217,44266,152,283278,1316,1367952,6782,8,14040915,153021,33797873,808079,3460,53115822,3997338,22863,1636508490,6372,67095.69664,3.44005E+11,2.096936987,1.996566107,5.56227E+11,5.29603E+11,2.65257E+11,1.07E+16,1.09E+16,4.10E-05,0.013124351,62.15294431,0.007159694,33.90613807,17509.7867,82921039.89,310233.1071,1469169916,304026.7258,1439778376,132821,1.91132E+11,29995597.34,2.10698E+11,157926.9974,98253505445,73645.29751,802.7559632,13324.6875,4.140772759,0.011344583,63101679.24,13324.6875,63101679.24,0.670861251,53.46810039,59.87653206,50.90882449,57.01051356,0.070581346,4735.696747,965.2835576,37.98643297,23965166225,0.000218662,18.89241646,89468.75516,1.035518,15165.99997,71821576.72,0.050047758,114409563.5,54106104.68,23060663.17,72640783.77,90315518.87,37548655.87,103572646.7,107697022.5,112327366.3,28420875.55,45712523.42,114409563.5,61.84605772,94400194.15,115137154.6,117347357.2,78795462.26,111736774.7,116842745.9,49501047.91,104831082.9,117446115.2,117362519.7,116908715.6,115355730.2,112185015.8,105641122.1,52250087.77,81455550.58,95677441.46,25097651.25,117453370.8,117436292.1,117280166,110339830.2,114565287.6,90995975.32,116598564.2,102653294.8,46155767.13,116967325.9,114239113.3,117454186.2,166298218.9,111832186,1334145,15.44149306,924453,2196715.15,10402976789,2.916198888,13810.23358,0.109326033,517.7349409,19.88494876,0.056135394,0.031704646,4816,4841.78,4679.49,4692.89,12240.81827
9,11/10/2021,0.052460654,0.215897565,0.466666667,667074,5558,1161300,18214891,1059,241034,5529535,125,36580,67691884,40469498,19645541,6143505,44275,152,283294,1313,1369306,6771,8,13903001,150557,33716837,796960,3399,53100437,3955227,22499,1636594717,6382,68128.94516,3.35588E+11,2.055997756,1.957691734,5.42626E+11,5.1668E+11,2.63923E+11,1.09E+16,1.06E+16,3.91E-05,0.012231298,56.50804843,0.006295288,29.08394787,17010.62892,78588342.33,284416.53,1313991606,307343.6121,1419913697,137984,1.91426E+11,29994688.89,2.21227E+11,159070.4895,98479436388,70810.51205,783.4481141,13411.0625,4.167672237,0.01141828,61958506.98,13411.0625,61958506.98,0.670785159,49.31337278,58.21360364,46.95549011,55.43016297,0.071343961,4619.955129,923.2421575,31.26487193,24036250184,0.000227305,19.63919156,90732.18376,1.050141016,15386.28759,71083958.25,0.050084975,114407359.3,53579760.7,22530782.38,72638894.01,90295255.36,37656395.83,103576890.8,107694800.5,112327338.7,28588684.99,45675716.86,114407359.3,61.84530408,94390406.3,115134181.9,117345409.4,78785435.31,111731020,116843310.3,49404424.64,104826111.2,117444484.6,117360599.2,116908653,115352962,112178602.8,105634358.5,52264409.03,81468208.79,95660277.71,25152859.73,117451719.9,117434286.8,117275124.8,110279871.9,114536299.1,90867773.03,116587701.3,102565946.1,46165312.6,116967562.5,114236692.7,117452561.8,166283834.2,111836653.9,1390746,16.09659722,1020756,2381758.846,11003618994,3.015010636,13929.21385,0.100025555,462.1135766,19.87163035,0.055650206,0.032225867,4692.89,4870.51,4470,4636.05,21539.53957
10,11/11/2021,0.123230927,0.197214542,1.084848485,648382,5564,1162460,18208971,1062,241058,5538804,126,36606,67799977,40563020,19642439,6154641,44308,153,283373,1314,1370500,6772,8,14017413,152893,33945986,808453,3451,53317254,4007988,22849,1636681514,6373,64004.11753,3.43398E+11,2.082069151,1.982613908,5.55282E+11,5.28757E+11,2.66697E+11,1.08E+16,1.10E+16,3.97E-05,0.01201762,56.81625793,0.00609778,28.82875556,16195.46126,76568032.29,268465.4763,1269236667,235279.6944,1112342709,130972,1.91161E+11,29995417.92,2.17074E+11,161076.9851,98331547441,72965.57578,809.7284158,13352,4.149350697,0.011368084,63124868.81,13352,63124868.81,0.670955145,48.49839961,59.37610733,46.1817522,56.53985899,0.072776062,4727.746316,918.4368703,35.41661111,24036250184,0.000218166,18.8495712,89115.99079,1.031435079,15263.03342,72159750.05,0.050122649,114405827.7,53524305.67,23305479.56,72634582.07,90278277.74,37845087.67,103581466.1,107691483.7,112311766,28539085.92,45698774.54,114405827.7,61.84212381,94385912.9,115132565.6,117344124.9,78804775.08,111725830.1,116844486.6,49505297.56,104820160.4,117443546.4,117359344.9,116910028.1,115351379.4,112173993.4,105629214.6,52355559.17,81466737.41,95650531.33,25047017.44,117450811.6,117433645.5,117276461.5,110323912.2,114557078.1,90967083.29,116598323.5,102630975.9,46126112.42,116968918.3,114235767.5,117451629.4,166378164.5,111841258.4,1347643,15.59771991,1068851,2421762.993,11449481069,2.988558678,14129.14728,0.1,472.7746316,19.85585098,0.05508752,0.032156054,4636.05,4810.01,4623.92,4774.3,15930.56088
11,11/12/2021,0.008288203,0.252736328,0.818181818,643078,5555,1162665,18202405,1062,241100,5546037,125,36611,67907429,40656367,19639001,6163159,44299,153,283342,1314,1370735,6772,7,13922490,151543,33927207,801816,3429,53346239,3984603,22645,1636767561,6421,61834.19312,3.38067E+11,2.053741521,1.955628525,5.47649E+11,5.21486E+11,2.66659E+11,1.13E+16,1.09E+16,3.79E-05,0.011199938,52.22263829,0.005753132,26.82548037,15065.38436,70246289.66,319085.9736,1487821697,310015.5522,1445528488,137346,1.9258E+11,29992253.71,2.14558E+11,159507.0786,98993755682,73594.13743,812.8369794,13393.875,4.162365283,0.011403741,62452440.67,13393.875,62452440.67,0.670720103,46.90209695,58.23025967,44.66145215,55.44843675,0.07276586,4662.7612,907.3663144,29.60888612,24178489742,0.000214009,18.4903987,86216.31365,0.997874001,15029.67983,70079807.96,0.050117836,114405163.5,53554720.13,24033470.01,72503520.72,88824203.85,38180029.94,103581209.2,107641610,112310834.5,28451216.57,45738371.37,114405163.5,61.73055506,94377039.6,115132035.4,117343729.4,78777145.01,111726232.3,116845974.6,49302570.91,104820725.8,117443504.8,117358983,116911653.3,115350881,112173596.8,105628323.7,52258378.1,81441387.66,95650762.23,24141358.65,117450759.9,117433369.5,117274242.8,110295280.1,114542040.7,90918269.62,116593425,102587508.9,46063032.69,116970742.3,114238002.7,117451593.7,166334989,111840601.4,1345131,15.56864583,1101905,2504186.408,11676423221,2.872981084,13396.02473,0.09827802,458.2469385,19.82951704,0.055050797,0.032217061,4774.3,4774.3,4617.96,4643.05,3730.531972
12,11/13/2021,0.281724387,0.350000601,0.83771645,645915,5549,1164133,18194670,1062,241115,5552754,126,36595,68017663,40750237,19634548,6170980,44305,153,283419,1314,1372297,6767,7,13878532,151123,33965349,800767,3414,53430744,3980958,22570,1636854361,6326,64644.17847,3.36884E+11,2.046101149,1.948345481,5.45563E+11,5.19497E+11,2.66635E+11,1.12E+16,1.12E+16,3.22E-05,0.010132767,47.06611794,0.004982684,23.14428266,13177.29814,61207792.01,119632.5673,555686394.8,260744.4078,1211142778,139378,1.89585E+11,29969252.28,2.04034E+11,156892.9235,97438506061,74925.95417,819.9010352,13185.5,4.097559423,0.01122619,61245889.16,13185.5,61245889.16,0.670965918,72.74434751,57.92073166,69.26887308,55.15347854,0.07212891,4644.942487,874.6583748,22.6697656,24178489742,0.000206216,17.81708254,82759.32367,0.957862542,14608.24442,67854455.15,0.050166741,114411370.9,53548454.47,20513216.13,72527097.18,88854673.2,38196319.63,103605388.3,107659084.9,112316858.2,28344502.73,45755272.88,114411370.9,61.74987609,94370161.57,115132564.6,117344822.6,78806976.51,111722052.2,116848373.8,49394379.34,104814593.3,117444929.3,117360111.5,116914169.6,115351506.4,112170131.9,105624533.9,52248003.02,81471065.39,95645694.5,24178021.85,117452186.1,117434687.2,117274623,110281887.5,114537552.9,90891518.92,116593705.5,102567841.9,45993504.32,116973543.3,114238483,117453024.6,166276794.6,111841523.6,1300464,15.05166667,1103235,1614600.016,7499724212,1.816847303,8439.151231,0.08,371.5953989,19.79198014,0.054682282,0.031263213,4643.05,4700.64,4586.64,4628.61,3310.371477
13,11/14/2021,0.068635484,0.243049528,0.6,643454,5559,1165446,18180164,1062,241289,5562585,125,36582,68124727,40837989,19623145,6181739,44287,154,283639,1315,1373835,6769,7,13805783,150409,33957700,798054,3393,53503555,3973365,22476,1636940295,6345,64874.47234,3.34305E+11,2.033259945,1.936109205,5.41416E+11,5.15547E+11,2.6628E+11,1.12E+16,1.10E+16,2.77E-05,0.008929821,41.16215693,0.004353016,20.06529751,11392.16531,52512374.72,158733.0782,731682753.6,254857.7267,1174770913,126957,1.90125E+11,29964593.11,1.98915E+11,155920.8747,97925457176,76759.48872,807.0930972,13238.875,4.114037202,0.011271335,61024813.64,13238.875,61024813.64,0.670726813,81.70888862,57.70246993,77.80477445,54.94540109,0.070880498,4609.516567,896.5413532,19.36457239,24313225559,0.000208071,17.97736759,82866.97374,0.959108492,14509.40929,66881362.49,0.050218737,114413858.8,53484830.78,19169085.27,72525009.18,88861475.18,38063832.9,103591867.6,107640554.6,112319116.5,28366432.19,45763683.26,114413858.8,61.74645959,94374860.14,115132920,117347627.5,78780983.66,111719210.3,116852062.7,49174118.89,104808026.6,117448039.8,117362950,116917956.9,115352106.3,112167781.3,105617427.1,52231532.19,81458730.35,95642241.81,24209332.89,117455297.1,117437611.6,117276233.1,110260627.3,114529463.7,90833558.05,116593733.2,102542722.3,45923050.11,116977332,114238866.9,117456141.9,166127533,111843996.2,1275744,14.76555556,1105393,1437495.282,6626158317,1.659873539,7651.214575,0.07109198,327.6996596,19.77182401,0.054655716,0.031273903,4628.61,4724.96,4516.77,4705.77,6642.759462
14,11/15/2021,0.046321839,0.125469349,0.394444444,606036,5555,1166692,18202185,1054,241239,5573039,122,36595,68226984,40924562,19647625,6193722,44294,150,283533,1308,1375345,6761,7,13770847,149603,33964618,794183,3372,53568265,3962449,22346,1637026955,6319,68317.64409,3.38895E+11,1.962099038,1.868354066,5.36703E+11,5.11061E+11,2.73535E+11,1.13E+16,1.12E+16,3.57E-05,0.011954369,54.62438633,0.006006028,27.44398936,15416.78455,70445575.09,330063.1486,867678998.4,279608.3928,10298552478,122709,1.89348E+11,29964913.88,2.07329E+11,160765.5259,97422476367,75542.61541,817.7398492,13227.625,4.110554153,0.011261792,60442412.45,13227.625,60442412.45,0.670400399,29.05773937,56.52107047,27.6694216,53.8206124,0.071673046,4569.40777,916.9026527,19.09523093,24381980247,0.000212968,18.40039892,84078.9258,0.973135715,15046.73944,68754688.1,0.050268342,114412854.1,55545426.41,21287529.77,74166027.26,88966520.81,40107399.03,103581389.2,107635299.6,112318837.4,30750806.85,47690503.02,114412854.1,63.14379115,94373307.45,115128187.2,117347025.4,78742396.26,111713367.5,116850520.5,49295765.6,104804491.2,117447664.1,117362374,116916577.4,115347647.9,112161315.6,105613186.1,52248770.79,81429600.41,95636597.04,24963805.25,117454920.1,117437069.9,117274427.8,110238546.5,114514248.1,90798547.75,116587739.7,102509191.8,46455847.67,116975807.7,114235006.3,117455771.8,166075119.9,111843981.7,1289636,14.92634259,982959,4042151.055,18470236435,4.633763627,21173.55552,0.1,456.940777,19.76696482,0.050295831,0.031307442,4705.77,4770,4237.77,4313.51,24972.33926
15,11/16/2021,0.035579151,0.259880952,0.188888889,609879,5560,1165639,18237665,1055,240967,5580973,122,36564,68329564,41012472,19685282,6202762,44237,149,283204,1304,1374260,6765,7,13266229,141644,33341933,759488,3237,53282573,3815632,21137,1637112599,6254,71564.42741,3.13873E+11,1.858808307,1.769989722,4.97325E+11,4.73561E+11,2.6755E+11,1.09E+16,1.10E+16,3.27E-05,0.01118324,47.35130909,0.005775,24.45210921,14651.75566,62037459.66,416942.2284,1755198150,397746.0815,1678261296,125470,1.87409E+11,29966309.89,2.18867E+11,167054.7299,96356492010,73545.98433,793.7940539,13155.1875,4.088029894,0.011200082,55700793.32,13155.1875,55700793.32,0.670790174,39.88060836,52.13373992,37.97501154,49.64265733,0.070191581,4234.131465,815.9736343,10.36737563,24445714139,0.000219475,18.96261647,80290.21105,0.92928485,15052.4122,63733892.12,0.050279237,114412587.3,55240053.02,22691180.45,74129338.97,88928516.84,40201050.04,103581674.9,107626836.5,112318446.7,30889007.38,47711819.97,114412587.3,63.11234003,94404372.86,115124246.1,117347196.5,78788446.4,111712448.9,116849572.2,49317068.92,104811629.5,117448058.9,117362568.8,116915749.2,115343691.8,112159816.8,105617432.7,52169836.83,81418318.95,95666243.5,25091809.52,117455233.1,117435860.3,117262381,110062253,114433690.4,90509742.66,116551829.1,102248913.3,46476970.49,116975089.6,114236491.3,117456172.5,165987640.1,111843818.1,1310153,15.16380787,974113,2945195.104,12470343260,3.810882284,16135.77659,0.1,423.4131465,19.75375574,0.050208334,0.03470336,4313.51,4367.65,4068.01,4123.92,19232.04815
16,11/17/2021,0.047738153,0.195915453,0.469444444,695412,5566,1167736,18217312,1057,241192,5589438,122,36563,68320145,40987926,19651095,6211739,44240,150,283426,1307,1376480,6757,7,13332478,142402,33368224,763559,3250,53297519,3835719,21263,1637199716,6390,70782.96463,3.16144E+11,1.870865498,1.781462485,5.01027E+11,4.77084E+11,2.67805E+11,1.16E+16,1.12E+16,2.98E-05,0.009975542,42.55166366,0.004911135,20.9489344,13499.09348,57581719.74,275460.8317,1167280861,301380.5638,1282524791,121084,1.9147E+11,29963975.14,2.1407E+11,158193.1538,98477697827,72772.91985,830.25924,13410,4.167167077,0.011416896,57201682.66,13410,57201682.66,0.6708352,47.49846944,52.41427838,45.22866101,49.90955829,0.070910948,4265.599006,783.7048159,13.86876074,24445714139,0.000206593,17.84963998,76139.40653,0.881243131,14819.82852,63215445.8,0.050348253,114413262.2,55020270.87,20924751.5,74114837.64,88930338.49,40020404.3,103581549.7,107613723.6,112318992,30948855.78,47628313.23,114413262.2,63.09928435,94392334.89,115123477.2,117348758.6,78794620.93,111706180.6,116850886.5,49277731.12,104796897.6,117449374.2,117363978.5,116917119.3,115343049.5,112153541.8,105603307.8,52232486.33,81435483.35,95639145.8,25132058.35,117456560.6,117437302.6,117265590.7,110069268.1,114438194.9,90522655.02,116556058.8,102262416.1,46437657.76,116975603.2,114230629.2,117457493.2,165984657,111844554.3,1353219,15.66225694,1073169,2472869.013,10548267602,3.008266497,12832.05858,0.0749775,319.8239494,19.68550908,0.049055818,0.034328303,4123.92,4348.15,4081.97,4284.96,13014.52383
17,11/18/2021,0.030252627,0.240932001,0.75,591159,5566,1170963,18239379,1066,241438,5599347,120,36605,68398424,41053289,19674795,6221990,44290,149,283718,1311,1380600,6768,7,12914123,134853,32872952,733677,3104,53083399,3692774,20098,1637285596,6372,68397.07046,2.95246E+11,1.782894228,1.697772524,4.68149E+11,4.45798E+11,2.62578E+11,1.16E+16,1.15E+16,3.32E-05,0.011265178,44.89933165,0.005810814,23.16001175,14467.30497,57661966.67,392834.6563,1555601725,359142.2672,1424464829,125215,1.90941E+11,29965658.25,2.1482E+11,167273.0343,98258045079,76510.06041,851.1559621,13289.625,4.129744576,0.011314369,52968117.79,13289.625,52968117.79,0.670850266,42.26494274,48.90177975,40.24706424,46.56703506,0.070177544,3985.674373,731.2288798,2.854941278,24568391348,0.000202868,17.52777616,69860.00828,0.808564911,14918.87118,59461762.56,0.050450781,114413137.9,54932791.88,20851385.23,74076907.12,88910982.83,39963521.38,103575033.4,107600525.7,112318608.2,30377638.06,47565127.94,114413137.9,63.06674891,94353760.05,115119531.9,117349042.9,78796693.5,111695340.5,116850744.2,48870442.38,104778842.8,117449820.6,117364280.5,116917013.8,115340053.5,112143166.5,105586224.3,51928948.56,81383563.84,95612187.53,25121946.96,117456942.1,117436397.1,117255224.3,109869519.8,114355290.2,90127364.33,116518800.8,101950439.7,46326613.78,116975288.4,114222300.4,117457944.8,165956103.9,111850085.3,1284250,14.86400463,972016,2779086.807,11076535069,3.73040088,14868.16319,0.100106355,398.9913344,19.65045623,0.049239666,0.036280362,4284.96,4284.96,3960.04,4011.46,24687.52908
18,11/19/2021,0.065102041,0.208129252,1.083333333,609855,5574,1173875,18249104,1059,241822,5610275,121,36682,68445050,41085139,19680217,6233547,44373,151,284170,1307,1384482,6771,7,13407054,143226,33484484,768363,3275,53463486,3865259,21418,1637372160,6232,69999.70315,3.17783E+11,1.882858708,1.792756623,5.04055E+11,4.79934E+11,2.67707E+11,1.12E+16,1.11E+16,2.78E-05,0.009667368,41.4854457,0.004861607,20.86254663,12140.16512,52096924.88,245666.3409,1047566244,315752.3741,1341948167,115736,1.86735E+11,29963944.03,2.06457E+11,164404.4854,96064983806,76497.77176,801.6324542,13081.8125,4.065088731,0.011137229,56137803.42,13081.8125,56137803.42,0.669723583,48.02161853,52.38068888,45.723598,49.87406995,0.073969748,4291.28635,810.8110235,3.320175831,24630187542,0.000207915,17.96383033,77087.9399,0.892221527,14400.3894,61796194.45,0.050559237,114415482.8,54895862.96,19862409.37,74053160.65,88908954.12,39920985.25,103569261,107596733,112308113.3,27349196.22,47569059.46,114415482.8,63.04531874,94316348.19,115117130.1,117351311.4,78665869.35,111685585,116852674.1,49000315.34,104761351.1,117452075.2,117366501.1,116919012.5,115338703,112134172,105569415.1,52169374.37,81284780.3,95570171.22,25110466.91,117459283.7,117440063.7,117269050.8,110055685.8,114431287.1,90478780.03,116560089.7,102236299.1,46316851.64,116976688.6,114214935.1,117460205,165796894.7,111839279.1,1255788,14.53458333,990793,2445985.967,10496426192,3.091273177,13265.53839,0.0925741,397.2619717,19.63015302,0.048943415,0.036581982,4011.46,4338.2,4007.9,4286.86,13307.54611
19,11/20/2021,0.067137704,0.122985467,0.25,557040,5578,1176200,18276848,1058,242166,5620283,123,36680,68532430,41154726,19710425,6244447,44414,152,284526,1309,1387801,6774,7,13605502,146247,33762748,781931,3330,53690346,3929665,21843,1637458375,6295,67221.01636,3.26802E+11,1.92638835,1.834132642,5.18386E+11,4.9356E+11,2.69097E+11,1.09E+16,1.10E+16,2.47E-05,0.00899691,39.70466189,0.004454488,19.65829963,10437.56727,46062489.99,143286.0245,622439882.6,236047.9254,1039612323,105277,1.88637E+11,29966096.46,1.97771E+11,170473.4484,97067685699,83669.80687,799.0175263,13180.5,4.095621492,0.011220881,58167447.8,13180.5,58167447.8,0.669225683,71.34244968,53.80316708,67.92582383,51.22650631,0.073860805,4413.144251,766.0645393,8.559962781,24630187542,0.000206752,17.86338079,78833.67621,0.912426808,14273.15433,62989488.95,0.050657839,114418719.7,54766311.61,21080963.81,74052041.37,88912193.07,39781516.85,103579469.7,107596943.7,112307086.8,29058128.63,47516286.39,114418719.7,63.04230723,94296649.51,115115868.3,117354991.1,78609952.84,111678369.8,116855681.2,49114154.46,104740900.5,117455905.3,117370207.8,116922118,115338507.9,112127067.9,105553666,52169104.81,81262994.56,95548973.32,24817931.01,117463152.7,117444384,117276691.1,110111094.4,114456470.6,90579203.49,116575691.7,102313221.3,46158336.44,116979608.5,114210770.9,117464040.6,165797649.1,111838628.5,1160128,13.42740741,949668,1646481.739,7266161420,2.182941361,9633.635117,0.095295197,420.5514503,19.58482801,0.046201047,0.036645003,4286.86,4438.41,4206.79,4342.02,7996.813915
20,11/21/2021,0.089995196,0.187615669,0.655,607664,5546,1157126,18310440,1052,239672,5594827,124,36435,68625463,41229672,19745995,6220553,44110,152,281479,1304,1363166,6737,7,13480234,142506,33618114,761467,3263,53650601,3853000,21369,1637544660,6287,72737.21552,3.18846E+11,1.891318466,1.800664262,5.06296E+11,4.82028E+11,2.67695E+11,1.11E+16,1.09E+16,2.33E-05,0.008460928,36.46728191,0.00418219,18.02557487,10668.71459,45983017.99,201150.4514,852540830.9,296961.3663,1265252236,104840,1.88406E+11,29967520.55,2.01182E+11,159549.7229,97039418838,76958.0597,791.2338865,13228.6875,4.110463816,0.011261545,57016707.16,13228.6875,57016707.16,0.671579213,61.95059344,52.69700252,58.98119309,50.17114298,0.073011839,4310.080434,687.4400342,8.41488229,24755313688,0.000210884,18.2203883,78531.3391,0.908927536,14416.58865,62136656.64,0.05011612,114424959.7,54647616.53,20392668.67,73976748.82,88927938.68,39839688.81,103591092.3,107591489.1,112305824.7,29117477.55,47616871.4,114424959.7,62.9761995,94486079.97,115126874.1,117358590.5,78888924.97,111741163.7,116856393.7,49537160.2,104870693.9,117459647.2,117373829,116922999.7,115343578.1,112184053.3,105677185.6,52490364.42,81555419.99,95733440.07,24840815.32,117466871.2,117447635.6,117276692.5,110136561.1,114458252.6,90685431,116564855.5,102383304.1,46420273.06,116983383.8,114267121.6,117467788.5,165799245.4,111837351.8,1260939,14.59420139,1037690,1896152.756,8172570893,2.204804849,9502.886241,0.09876451,425.6829825,19.53113036,0.0462091,0.036677301,4342.02,4426.53,4146.74,4168.73,7037.286868
21,11/22/2021,0.08225469,0.345663781,1.06,546021,5551,1159649,18346884,1048,239463,5605626,124,36451,68712042,41303863,19783812,6232702,44133,153,281224,1300,1365919,6744,7,13203350,137871,33261496,741797,3166,53482413,3757922,20653,1637631291,6367,73137.44856,3.0298E+11,1.824308638,1.736811632,4.81239E+11,4.58158E+11,2.63792E+11,1.14E+16,1.11E+16,3.21E-05,0.012224184,50.07970073,0.00597098,24.46174623,14931.93888,61172755.08,306243.8106,1246167778,290216.9213,1181732817,112258,1.90787E+11,29964905.82,2.12201E+11,173720.2028,98175509324,80372.38342,819.0620986,13351.75,4.148702749,0.011366309,54699080.91,13351.75,54699080.91,0.671202832,50.23611604,50.19154087,47.82670478,47.78426751,0.07265898,4096.772401,624.9243025,-1.509939576,24816427195,0.000210797,18.21287643,74614.00952,0.863588073,14917.47679,61113507.23,0.050210208,114424264.2,54531935.01,21805278.16,73955771.74,88929055.94,39891775.44,103593720.8,107588521.1,112301820.6,29210543.77,47466460.29,114424264.2,62.95834952,94490650.95,115122776,117358438.1,78844702.61,111730761.2,116855187.8,49542451.83,104866435,117459628,117373691.2,116921936.6,115339722.8,112173171.4,105673418.7,52597327.97,81511209.73,95740033.41,24882913.65,117466797.1,117446596.8,117269129,110019840.4,114402088.8,90446433.88,116538703.3,102207103.8,46427868.13,116982023.3,114259889.3,117467774,165859894.2,111833815.8,1221508,14.13782407,938979,2338313.215,9579537046,3.169606021,12985.15447,0.106392956,435.8677258,19.48885675,0.04616457,0.037022768,4168.73,4319.66,4025.11,4179.91,13214.33181
22,11/23/2021,0.04286264,0.261601216,0.136363636,580961,5547,1158167,18387642,1050,239316,5615110,124,36421,68812936,41390664,19826986,6243475,44131,152,281138,1302,1364950,6741,7,13608206,143485,33817466,765247,3280,53887954,3885266,21507,1637718157,6339,72569.06957,3.21492E+11,1.903903032,1.81266575,5.10774E+11,4.86297E+11,2.68277E+11,1.14E+16,1.12E+16,2.98E-05,0.010825288,47.07004536,0.005398252,23.47244454,13693.92493,59543324.96,255768.2524,1104323964,303355.4502,1313139105,114317,1.89962E+11,29967118.3,2.1715E+11,171660.54,97654433985,77197.54717,819.7187365,13263.25,4.121159885,0.011290849,57670683.09,13263.25,57670683.09,0.671544215,49.59156771,53.31449323,47.21508121,50.75959974,0.075433472,4348.156228,616.0828601,6.661509159,24881398837,0.000210979,18.22862215,79260.89691,0.917371492,14942.34311,64971642.27,0.050220791,114431719.6,54419486.59,21215485.66,73937654.85,88943547.58,39885618.38,103603723.2,107590430.2,112307744.5,26949510.51,47376617.52,114431719.6,62.94225772,94497087.14,115118418.5,117359504.2,78885642.51,111730675.1,116854961.2,49522488.84,104867959.3,117460871.1,117374783.6,116921849.8,115335897.7,112173737.8,105677857.1,52475874.42,81551015.39,95747194.6,24897080.45,117468118.3,117448961.2,117278878.4,110155527.6,114456852.1,90729723.31,116566696,102415453.1,46415085.73,116981884.4,114262384,117469022.4,165917400.5,111839768.1,1264994,14.64113426,963477,2368729.763,10299607072,3.104805248,13500.17828,0.102622633,446.2192396,19.43670429,0.046229151,0.038398697,4179.91,4390.01,4063.07,4248.78,19152.83899
23,11/24/2021,0.090896793,0.269367375,0.744285714,603667,5540,1160616,18433550,1047,239448,5628864,122,36430,68935227,41499910,19875284,6258992,44147,151,281283,1301,1368023,6735,7,13510210,141499,33746584,758209,3244,53867363,3853921,21211,1637804476,6304,72979.33296,3.1506E+11,1.871530972,1.78184849,5.00657E+11,4.76666E+11,2.67512E+11,1.10E+16,1.13E+16,2.84E-05,0.00972885,41.46405794,0.005145428,21.92965396,13060.89348,55665124.61,271358.8129,1149898600,299330.347,1263993108,136192,1.88908E+11,29966314.09,2.21548E+11,165027.4428,97186997792,72393.03488,821.1775803,13188.5,4.097873834,0.011227052,56208979.66,13188.5,56208979.66,0.6711509,48.71524339,52.10177173,46.3808423,49.60509053,0.0745858,4261.969114,604.9546328,1.128473938,24944363777,0.000208227,17.99083862,76676.39852,0.887458316,14773.67332,62964939.4,0.050339789,114432783,54226899.61,23530746.79,73923463.24,88943718.58,40488357.61,103597936,107576750.8,112308949.4,27489487.11,47807501.67,114432783,62.92925902,94471439.37,115113721.2,117361000.2,78840589.65,111719134.5,116855146,49330801.71,104853062.9,117462579.1,117376305.6,116922223.8,115331863.7,112162327.5,105663771.9,52398437.23,81527399,95722507.51,24950789.92,117469798.7,117450264.5,117277100.4,110095637.7,114430813,90631450.17,116556620.3,102331760.2,46486925.73,116981981.5,114255559.4,117470735.2,165802416.7,111841618.1,1342491,15.53809028,1002068,2411375.312,10277207101,3.154386712,13443.89874,0.1,426.1969114,19.39239485,0.045226843,0.038141826,4248.78,4341.63,4165,4318.79,13251.2407
24,11/25/2021,0.094166667,0.261688034,-0.125,593204,5541,1161169,18471963,1046,239568,5636974,122,36431,69037302,41586395,19917077,6268078,44144,152,281423,1300,1368719,6741,7,13968081,147331,34327239,784599,3355,54275242,3979148,22102,1637891077,6303,69642.50246,3.3439E+11,1.95034265,1.856867858,5.31688E+11,5.06206E+11,2.72613E+11,1.09E+16,1.08E+16,2.83E-05,0.009535832,43.15958689,0.005130975,23.22301323,12411.62963,56175568.78,191522.5688,866839372.4,212319.2277,960965944.1,116579,1.88911E+11,29971645.15,2.19361E+11,168534.953,97167359357,74653.50471,789.6255204,13262.1875,4.120687904,0.011289556,60025230.25,13262.1875,60025230.25,0.671013845,57.78631496,55.31655585,55.01676891,52.66537886,0.07670134,4526.042951,696.4916864,9.572636434,25011090558,0.000216096,18.67068844,84504.33782,0.978059465,14742.85208,66726781.72,0.050382184,114434482.4,54236373.66,22336256.63,73881247.79,88969697.57,40425695.77,103631817.1,107608092.8,112309592.7,27349978.85,47784127.71,114434482.4,62.89207393,94463723.02,115111902.9,117363134.5,78826054.02,111716628.6,116856148,49350466.95,104845886.5,117464904.1,117378476.6,116923333.1,115330204.4,112160008.8,105656210.9,52518333.58,81513490.9,95720184.49,24925883.14,117472200.6,117453721.8,117288825.3,110223485.8,114487944.9,90875138.34,116584441.3,102528161.2,46510425.97,116983194.9,114255424.1,117473066.4,165788436.4,111842891.4,1301578,15.06456019,971693,2032887.311,9200935285,2.704402451,12240.24165,0.102180523,462.4734359,19.36698378,0.045222638,0.039446884,4318.79,4556,4267.62,4431.5,11814.69202
25,11/26/2021,0.069982113,0.150673401,0.6,600397,5553,1162684,18500750,1050,239560,5648227,123,36459,69133229,41658595,19948388,6280330,44182,153,281372,1302,1370695,6751,7,13247934,137032,33444598,737936,3148,53833429,3761109,20487,1637977259,6218,71696.70071,2.99209E+11,1.804227837,1.717761357,4.76015E+11,4.53202E+11,2.63833E+11,1.03E+16,1.06E+16,2.55E-05,0.008770457,35.53796726,0.004666561,18.90894516,11379.87856,46111365.44,355020.8081,1438547356,361981.8872,1466753708,110107,1.86375E+11,29973471.58,2.20348E+11,169821.6822,95847643629,73869.64991,764.7049388,13105.4375,4.071870139,0.011155809,53103345.04,13105.4375,53103345.04,0.670845169,34.95331417,49.14184522,33.27819867,46.78675334,0.075315279,4052.008568,681.6414416,2.644291725,25070532927,0.000222033,19.18367707,77732.42387,0.899680832,14669.8526,59442368.44,0.05045856,114437224.5,54212449.33,21064165.34,73842119.05,88969639.83,40409093.87,103595786.9,107600110.4,112312288.4,27884886.04,47824230.82,114437224.5,62.85700485,94454524.56,115110238,117366276.7,78808446.17,111711292.4,116858522.6,49287305.97,104841126.8,117468189,117381646.1,116925813.4,115329013.9,112154260.7,105652667.2,52453381.68,81472650.27,95709263.89,25007551.1,117475368.2,117454791.1,117274554.7,109977891.4,114374594.5,90357531.43,116533445.3,102141547.8,46298256.9,116985451.5,114253440.3,117476356.4,165806503.1,111846376.2,1297524,15.01763889,930513,3360950.433,13618599954,4.528418407,18349.19019,0.1,405.2008568,19.29962957,0.045918128,0.043773728,4431.5,4449.82,3917.85,4118.85,24526.69823
26,11/27/2021,0.059568569,0.198509109,0.961111111,550278,5550,1164867,18539799,1049,239617,5663034,123,36467,69225313,41738435,19990029,6296410,44193,153,281523,1300,1373333,6751,7,13333464,137779,33567174,742204,3159,53952751,3790012,20603,1638063935,6386,70858.95709,3.01748E+11,1.816322849,1.729273962,4.80131E+11,4.5712E+11,2.64342E+11,1.10E+16,1.08E+16,2.68E-05,0.010009755,40.90909968,0.004505821,18.41494404,12144.67521,49634356.1,183224.8911,748826076.8,167031.1501,682643499.5,104605,1.91405E+11,29972559.08,2.11535E+11,174348.9985,98527637239,81207.39846,800.2440743,13422.4375,4.170241107,0.011425318,54856472.59,13422.4375,54856472.59,0.670624786,84.14657083,49.64093341,80.11377163,47.26184756,0.074802916,4086.923302,690.443474,-4.483694021,25134121028,0.000225031,19.44271453,79460.88307,0.919686147,15558.91709,63588100.82,0.050573802,114439990.3,54169424.03,20519291.56,73832614.16,88973847.19,40221670.98,103595520,107582551.6,112314739.3,27610386.48,47805730.29,114439990.3,62.84708742,94444799.68,115107730.2,117369536.5,78784846.05,111701773.5,116860798.2,49245888.45,104831099.8,117471598.9,117384933.9,116928225.4,115326989.9,112145772.8,105642752.5,52405528.78,81439348.48,95702521.07,25028516.66,117478789.8,117458320.6,117279021.6,109985263,114378209,90375219.54,116539539.9,102159377.9,46256573.81,116987273.4,114248818.9,117479770.7,165936501.5,111849448.2,1213284,14.04263889,938335,1396132.599,5705886853,2.0144175,8232.769822,0.1,408.6923302,19.25757723,0.045060445,0.041149659,4118.85,4186.25,3983.47,4026.45,7318.288688
27,11/28/2021,0.064733675,0.196971421,0.780555556,527847,5545,1165591,18567462,1052,239703,5669708,123,36476,69307998,41806613,20019665,6303758,44180,152,281620,1307,1373972,6742,7,13654229,142219,34033136,762755,3253,54264873,3895085,21322,1638149725,6256,71614.50719,3.16071E+11,1.882996994,1.792752196,5.04128E+11,4.79967E+11,2.67726E+11,1.13E+16,1.11E+16,2.56E-05,0.010082142,43.26326878,0.00461107,19.78646658,11449.81461,49132060.98,119717.4444,513717031.9,121780.7902,522571012.4,92677,1.87511E+11,29973029.61,2.04097E+11,179718.0808,96546465274,85014.05383,804.139552,13194.125,4.099199222,0.011230683,56617034.97,13194.125,56617034.97,0.670807217,87.55216368,52.38570371,83.3561255,49.87505858,0.074955221,4291.079171,693.4259266,-2.766881498,25196418990,0.00020896,18.05410191,77471.58065,0.896661813,14518.01742,62297962.15,0.05061012,114442433.8,54110285.81,17614579.79,73657767.29,88966548.21,39973271,103597248.6,107574667.7,112317017.6,27574009.9,47814774.91,114442433.8,62.69661851,94434922.91,115107870.3,117372446.3,78808336.23,111700646.8,116862941.9,49294757.72,104827218.9,117474662,117387865.2,116930445,115327041.6,112144723.6,105636560.4,52362707.91,81503893.13,95688575.36,24978306.91,117481913.5,117462346.2,117288981.9,110088528.9,114426002.4,90603507.42,116565341.4,102322993.4,46305368.89,116989574.3,114249721.4,117482838.9,165921758,111852338.6,1135653,13.14413194,885916,1341861.056,5758032030,2.075023128,8904.088525,0.098556459,422.9135665,19.24207175,0.0451373,0.041758272,4026.45,4376.45,3967.69,4309.05,10451.75446
28,11/29/2021,0.062660837,0.209648687,0.6,600953,5550,1167033,18585495,1052,239896,5679681,124,36456,69395079,41878852,20040435,6314819,44182,153,281972,1306,1375685,6752,7,13914775,145735,34387383,779565,3332,54527772,3976927,21870,1638236642,6207,71807.7216,3.27607E+11,1.928452403,1.836026608,5.22622E+11,4.97574E+11,2.71006E+11,1.12E+16,1.12E+16,2.74E-05,0.009775281,43.48445967,0.004955406,22.04367968,12196.50136,54255038.52,225307.2701,1002259111,253239.727,1126514132,107888,1.8603E+11,29970996.97,2.03701E+11,163263.0091,95710323947,76710.14224,804.2521488,13133,4.080127899,0.011178433,58420968.41,13133,58420968.41,0.670780031,51.51218453,54.43059968,49.04333718,51.82188016,0.076801716,4448.409991,673.8066833,3.179198084,25261020638,0.000208994,18.05703994,80325.11686,0.929688853,14522.41317,64601647.83,0.050692763,114451910.9,54148401.49,19287042.62,73645974.34,88971836.67,37829115.71,103602988.7,107566972.8,112326246.8,28030024.42,47789120.2,114451910.9,62.68533945,94427862.87,115105669.6,117374528.3,78806702.46,111693689.5,116864484.1,49442166.31,104818313.8,117476982.4,117389977.1,116932103.2,115325143.1,112139489.7,105630088,52509862.07,81491259.69,95686814.66,24926739.72,117484280.6,117465320.1,117296575.1,110159675.4,114459317.3,90768455.81,116583409.4,102442391.8,46310792.62,116991028.5,114246589.4,117485164.8,165814775.3,111854401.1,1247688,14.44083333,962352,2280725.732,10145603133,3.014453103,13409.5233,0.1,444.8409991,19.23493402,0.045150706,0.042064788,4309.05,4506.49,4282.97,4439.72,15790.1282
29,11/30/2021,0.06830517,0.202987553,-0.333333333,626327,5559,1165519,18610123,1051,239466,5687015,124,36435,69477911,41943781,20068025,6323253,44144,154,281349,1308,1374534,6748,7,14266444,150230,34878200,797716,3420,54785226,4069864,22503,1638322801,6259,70185.83352,3.40687E+11,1.981732014,1.886748962,5.45727E+11,5.19571E+11,2.75379E+11,1.16E+16,1.11E+16,3.38E-05,0.01160846,53.92191757,0.004983583,23.14901103,14869.57778,69069986.19,407617.2174,1893403834,490838.5832,2279971541,110817,1.87597E+11,29972387.64,2.14693E+11,167607.4821,96588497458,75405.21268,805.5229205,13210.3125,4.104127671,0.011244185,61362609.99,13210.3125,61362609.99,0.670700256,33.53738307,56.64095811,31.92995937,53.92619594,0.081353707,4645.053627,657.1776078,8.176314401,25332682869,0.000221671,19.15233332,88963.61537,1.029671474,15427.64347,71662231.27,0.050644155,114451822.8,54161365.76,20868696.32,73343947.57,88986699.11,37740804.82,101054614.5,107557396.2,112325915.8,28012660.26,47783113.52,114451822.8,62.42796639,94466904.79,115101886.7,117374937.5,78797704.43,111699589.4,116864026.5,49477260.32,104836118.3,117477533.5,117390418,116931763.9,115321759.6,112143399.7,105646059.6,52645240.75,81516790.65,95711619.44,24893251.23,117484878.1,117466816.5,117304225.8,110271904.8,114499548.6,90985941.85,116601980.9,102603308.6,46349062.63,116990680.5,114250765.8,117485722.8,165791121.8,111854712.9,1280926,14.82553241,988234,3503127.318,16272214256,4.369972264,20298.75552,0.098077038,455.5731016,19.22190309,0.04510076,0.042748458,4439.72,4770,4348.25,4764,32006.01845
30,12/1/2021,0.036408419,0.223756033,0.286363636,580964,5547,1165312,18640995,1052,239123,5696073,124,36363,69568302,42018299,20101313,6333158,44071,154,280962,1307,1375088,6746,7,14210329,148735,34846949,790678,3391,54823345,4049100,22298,1638409725,6237,68926.43531,3.36097E+11,1.958793407,1.864926121,5.38621E+11,5.1281E+11,2.74976E+11,1.15E+16,1.14E+16,3.18E-05,0.011180873,51.25909945,0.005702298,26.14238163,13659.03576,62620320.03,423573.7758,1941888568,411964.9729,1888667611,105005,1.86906E+11,29967369.79,2.08236E+11,170455.3416,96173608919,78724.80661,822.6133171,13072.1875,4.061187976,0.011126542,59929893.95,13072.1875,59929893.95,0.671378387,38.49838024,56.09952983,36.65350041,53.41118579,0.080176383,4584.534451,679.3493125,5.981485618,25398959143,0.000203401,17.57385786,80567.95681,0.9324995,14456.48951,66276274.2,0.050669932,114451990.8,54139924.02,21049977.08,73310985.84,88991126.87,37788535.59,96407721.54,107548874.2,112326040.2,28100647.46,47680905.16,114451990.8,62.3994869,94481873.67,115097500.7,117375554.8,78877910.48,111697464.4,116863734.6,49564206.56,104841789.6,117478324.3,117391061.1,116931563.8,115318185.6,112140804.7,105651586.5,52743835.73,81574370.41,95737800.68,24946398.91,117485665,117467382.5,117302978.4,110244285.2,114480784.2,90965768.73,116595369.8,102578357.3,46424771.55,116990408.8,114250318.4,117486520.3,165736659.3,111856451.9,1221643,14.13938657,914955,3051726.32,13990744452,4.087599381,18739.74019,0.107,490.5451863,19.18986835,0.044863067,0.042833418,4764,4783.96,4455.1,4495.57,13931.58933
31,12/2/2021,0.072919618,0.246014692,-0.133333333,608130,5533,1166401,18667131,1051,239264,5701987,124,36357,69654761,42082915,20128014,6341247,44078,154,281140,1304,1376563,6739,7,14141045,147116,34713791,784147,3348,54845973,4023910,22065,1638495167,6246,69737.77442,3.31495E+11,1.937647234,1.844791669,5.31939E+11,5.06448E+11,2.74528E+11,1.16E+16,1.16E+16,2.68E-05,0.009222772,41.75651292,0.004488968,20.32400339,11669.44427,52833931.21,282683.2354,1279861000,279567.7928,1265755694,104024,1.87185E+11,29968853.1,2.0947E+11,165551.481,96347004529,76146.42423,840.8556539,13082.9375,4.0644233,0.011135406,59233585.08,13082.9375,59233585.08,0.671613746,47.53307479,55.44051256,45.25520376,52.78370279,0.08001614,4527.544757,655.9434152,-1.282814623,25465460900,0.000202179,17.46823055,79088.19562,0.915372634,14688.26042,66501756.44,0.050712929,114454575.1,54106142.61,22723469.99,73217426.8,89009711.63,39648408.98,96411954.37,107543095.6,112328410,27686995.51,47651712,114454575.1,62.31825178,94473028.2,115097894.3,117378454.8,78907589.5,111695539.6,116865758.3,49627800.43,104837179.4,117481333.8,117393967.6,116933819.8,115318993.9,112139296.2,105648442.8,52801410.39,81581650.95,95736371.18,24959642.86,117488670.6,117469967.7,117303804.4,110204272.6,114464806.7,90891933.64,116590718,102525099,46494065.72,116992717.5,114250934.2,117489539.1,165649286.8,111859227.6,1265286,14.64451389,923540,2471742.879,11190926510,3.359627843,15210.86542,0.097478167,441.3367633,19.1743917,0.044802335,0.041542628,4495.57,4572.09,4436.79,4498.17,8651.568601
32,12/3/2021,0.100138288,0.153613516,0.812121212,565387,5533,1164576,18705049,1042,239287,5706595,124,36378,69747332,42159680,20168037,6347127,44090,155,281104,1291,1374858,6735,7,13689673,140770,34174856,752248,3216,54591443,3888636,21094,1638581946,6294,66293.03956,3.09867E+11,1.845576487,1.757132194,4.9734E+11,4.73507E+11,2.69477E+11,1.19E+16,1.15E+16,2.60E-05,0.008946472,37.86981944,0.004548084,19.25173754,10838.54391,45878831.81,398419.2462,1686482035,370544.8787,1568491701,101034,1.88637E+11,29970914.05,2.09713E+11,173103.9599,96999612609,80066.50715,836.8936304,13178.8125,4.094084587,0.01121667,55785032.32,13178.8125,55785032.32,0.671125476,40.4842416,51.52103188,38.54414311,49.05202489,0.078867257,4232.933151,585.4350065,-7.956745891,25526377517,0.000199026,17.19586828,72788.96089,0.842464825,14391.11263,60916617.73,0.050686661,114467457,54110530.24,22065036.73,73203753.02,89026996.48,39651267.59,96421126.55,107547489.9,112341096,27484576.16,47658532.47,114467457,62.30472957,94466686.22,115097871.7,117381887.5,78852607.05,111701701.5,116867820.4,49641030.24,104840935.2,117484880.4,117397423.1,116936021,115319114.5,112144818.9,105651358.6,52920772.65,81485480.13,95725570.36,25033943.93,117492144.5,117472120.1,117296138.1,110064670.8,114396372.7,90581433.38,116561010.4,102303846,46508419.12,116995223.1,114258662.8,117493091.7,165688981.3,111862551,1211488,14.02185185,880097,2902193.225,12284789911,4.064184756,17203.42238,0.096934893,410.318924,19.15300248,0.045030078,0.043288991,4498.17,4659.4,4038.35,4060.15,36007.58548
33,12/4/2021,0.072272492,0.225437885,0.1,552443,5558,1164083,18740867,1053,239110,5713869,123,36390,69836912,42235964,20205015,6355423,44121,153,280881,1303,1374659,6753,7,13516324,137678,33949015,737198,3181,54531506,3824076,20637,1638668132,6177,70232.10151,2.99843E+11,1.801110673,1.714795773,4.81461E+11,4.58387E+11,2.67313E+11,1.16E+16,1.15E+16,3.31E-05,0.011621336,47.6214595,0.005581296,22.87081854,14360.44974,58845694.64,614646.747,2518675629,635766.6695,2605220030,108490,1.85226E+11,29986409.35,2.27455E+11,184070.5843,95181800981,77026.81238,825.6220174,12962.375,4.026831001,0.011032414,53116718.13,12962.375,53116718.13,0.670637623,28.38933408,49.25864643,27.02882771,46.89801683,0.083356047,4097.761261,616.1699961,-9.653417512,25587117671,0.000207795,17.95345219,73568.96088,0.851492603,14822.76541,60740153.9,0.05070313,114467245.3,54097693,19897177.26,73172332.88,89027994.7,39688562.84,96425102.95,107540249.2,112340798,27189174.07,47803009.74,114467245.3,62.2777424,94474716.42,115094281.6,117382207.5,78795597.75,111700239.5,116866953.6,49308058.9,104841786.1,117485337.6,117397755.5,116935263.1,115315823.6,112142863.2,105654199.1,52483897.78,81439436.96,95726500.11,24962407.22,117492571.7,117471862.9,117291478.6,109991980,114358467.7,90449696.39,116543166.7,102190717.2,46343117.2,116994527.3,114259502.6,117493554,165450906.4,111862892.6,1235697,14.30204861,847913,4138651.286,16959204914,6.126664406,25105.60806,0.1,409.7761261,19.13147365,0.044994145,0.04358554,4060.15,4186.92,3500,4170.69,56282.16526
34,12/5/2021,0.069275178,0.21542398,0.368181818,827717,5560,1160998,18527210,1058,239020,5706824,123,36364,69899717,42021900,19970022,6347604,44086,152,280792,1304,1371803,6762,7,13541961,139884,33914481,746371,3227,54446967,3870160,20960,1638755521,6228,69488.43963,3.06552E+11,1.831569619,1.743795976,4.92384E+11,4.68788E+11,2.68832E+11,1.17E+16,1.17E+16,2.36E-05,0.007368656,30.87894771,0.003213,13.46433577,10216.57527,42813383.09,389224.1984,1631075411,403674.5484,1691630769,87574,1.86767E+11,29988245.17,1.97485E+11,142435.1682,96094328220,69307.57446,842.5206747,13170.6875,4.091397493,0.011209308,55192828.75,13170.6875,55192828.75,0.671155384,53.73257631,50.3526744,51.15756967,47.93964156,0.084954948,4190.580693,604.3990812,-6.395425245,25587117671,0.000198308,17.13383017,71800.6979,0.831026596,14435.60615,60493572.44,0.050579177,114470762.7,54096964.3,19142466.51,73152673.55,89041791.71,39411400.06,96434255.31,107529949.2,112344209.8,27369053.94,47814833.42,114470762.7,62.2587745,94500972.15,115104853.8,117386642.1,78859263.02,111717641,116877347.5,49201635.31,104862889.4,117489522.4,117401959.6,116945573,115326638.4,112160284.7,105674248.7,52265118.98,81461512.94,95760307.34,24934889.92,117496793.1,117476494.2,117301030.3,110064724.3,114398222.2,90578026.45,116566079.6,102296716.6,46219180.16,117006060.6,114278885.6,117497773,165444140.3,111866970.1,1386491,16.04734954,1097645,2186713.928,9163601168,2.617892721,10970.49069,0.045555053,190.9021235,19.07654956,0.044944948,0.043794654,4170.69,4256.38,4037.03,4173.56,32077.94274
35,12/6/2021,0.070083327,0.206348892,0.636363636,590753,5557,1160728,18542112,1059,238766,5715337,124,36364,69990115,42061494,19986685,6357328,44076,152,280443,1308,1371852,6758,7,13771149,142803,34232724,759840,3289,54715069,3947296,21441,1638840945,6273,67603.32791,3.17541E+11,1.87865742,1.78862246,5.10185E+11,4.85734E+11,2.71569E+11,1.19E+16,1.18E+16,2.54E-05,0.008636709,37.50008282,0.004337445,18.83293037,10750.74267,46679090.59,519575.1316,2255964577,518855.0564,2252838053,93662,1.88112E+11,29987579.83,2.14505E+11,172324.5294,96719652729,77700.63516,856.4230764,13144.75,4.083210908,0.011186879,57073729.24,13144.75,57073729.24,0.671443128,29.83464775,52.03881722,28.40481745,49.54484852,0.085918759,4341.941021,620.9571207,-3.761413695,25710438368,0.000195552,16.89564997,73359.9157,0.849073098,14469.82453,62827124.69,0.050588398,114473944.4,54121914.94,19345350.35,73133455.33,89046194.82,39421457.07,96435508.94,107513487.7,112346944.9,27748610.21,47842998.72,114473944.4,62.2404482,94521400.61,115104360.3,117390301,78895569.36,111720156,116880536.7,49369181.1,104873849.8,117493232.7,117405637.6,116948892.4,115326471.7,112161813.2,105684051.5,52328873.94,81531704.11,95779174.73,24895882.35,117500560,117480869.8,117309707.8,110140915.3,114430106.8,90751148.2,116585540.7,102419915,46272110.52,117009327.5,114281856.7,117501492.1,165451033.3,111870214.2,1244773,14.40709491,880346,3938423.979,17100404632,5.51684191,23953.8022,0.0925,401.6295444,19.08867883,0.044951637,0.044301863,4173.56,4392.08,3919.36,4345.53,25285.08879
36,12/7/2021,0.077843596,0.268470759,-0.35,596212,5537,1159749,18565211,1056,238483,5717587,124,36268,70097584,42156816,20012780,6360207,43993,153,280168,1302,1370725,6740,7,13730789,141744,34235147,755392,3274,54762191,3930249,21267,1638927628,6266,65338.15049,3.13313E+11,1.865244912,1.775660738,5.05719E+11,4.8143E+11,2.71128E+11,1.21E+16,1.19E+16,2.31E-05,0.007709867,33.18143841,0.003842852,16.53872085,9442.821735,40639663.51,315614.8553,1358331427,356882.6441,1535938195,95371,1.87906E+11,29988114.33,2.01768E+11,164739.5432,96622508037,78890.26441,865.0005052,13106.5625,4.07118226,0.011153924,56407534.18,13106.5625,56407534.18,0.671961286,43.56656419,51.59130058,41.47414478,49.1134683,0.085097529,4303.762652,627.2079279,-6.628534274,25771735883,0.000190574,16.46562385,70864.13696,0.82018677,14242.77295,61297514.27,0.05058572,114478047.8,54006101.02,20584981.49,72799744.85,89052289.2,39721616.71,96431292.93,107508661.3,112338753.2,28274627.1,47864143.31,114478047.8,61.95391207,94548849.45,115107186.9,117394810.1,78959679.12,111724856.1,116884275.9,49413318.43,104882286.6,117498026.7,117410179.5,116952702.1,115329148.3,112166654.5,105693883.5,52473133.81,81564175.25,95809205.51,24966979.76,117505346.3,117485467,117312799.3,110126913.6,114424775.2,90778150.44,116584903.2,102407578.5,46325782.24,117013821.4,114289882.8,117506292.1,165398455.2,111862687.8,1224771,14.17559028,884275,2697166.835,11607965889,3.688487504,15874.37476,0.085,365.8198254,19.06717294,0.044793193,0.044111417,4345.53,4429.8,4260,4299.35,16009.61212
37,12/8/2021,0.070193898,0.233958371,-0.35,646034,5559,1157991,18584812,1031,238698,5719211,124,36292,70196298,42232709,20037583,6362293,44008,153,280371,1289,1368887,6761,7,13926428,144708,34535211,768262,3340,54996610,3991692,21653,1639013891,6225,69760.51165,3.22236E+11,1.896902518,1.805713191,5.20264E+11,4.95253E+11,2.7427E+11,1.17E+16,1.19E+16,1.86E-05,0.006217921,27.52867822,0.00309352,13.69597892,8060.333937,35685618.27,217626.009,963498379.1,258713.3537,1145404899,95569,1.86688E+11,29990071.11,1.9662E+11,151677.1191,96069191326,74109.90709,857.0723866,13056.4375,4.055404661,0.011110698,57804930.7,13056.4375,57804930.7,0.668806651,50.93490226,53.07830892,48.48632126,50.52668846,0.087668421,4427.312634,698.6946624,-7.978202996,25834062479,0.000190109,16.42539111,72720.34159,0.84167062,14077.74916,62326596.72,0.050586102,114483215.1,54319358.86,21274965.41,72783736.27,89073581.86,40152990.44,96452921.76,107513175.5,112338403.1,28265655.56,48212196.77,114483215.1,61.93711672,94558156.25,115110221,117400608.4,78593014.2,111730409.9,116889414.8,49493685.07,104883322.3,117504035.8,117416033.4,116957892.8,115332129.6,112172095.2,105694087.7,52555600.61,81320724.52,95817077.68,24957725.28,117511396.2,117492008.6,117322666.7,110195995,114460219.5,90891872.18,116603674.1,102492823.5,46397067.95,117019690.2,114298182.9,117512309.5,165393790.9,111863169.2,1296307,15.00355324,945191,2307107.784,10214287438,2.939859469,13015.67697,0.06,265.638758,19.03504061,0.044608729,0.043675468,4299.35,4490.84,4229.99,4362.77,11082.62828
38,12/9/2021,0.042083338,0.197924932,0.7,607680,5583,1158713,18617077,1031,238744,5728107,123,36329,70263086,42281908,20071855,6371515,44025,153,280471,1289,1370242,6782,7,13557986,138655,34005733,742678,3231,54716365,3866977,20836,1639100425,6282,68557,3.02562E+11,1.811855502,1.72476284,4.88557E+11,4.65073E+11,2.69644E+11,1.17E+16,1.18E+16,1.97E-05,0.006775786,28.1688885,0.003347162,13.91511363,8478.797959,35248800.6,283585.7112,1178947327,301560.2798,1253672776,93155,1.88403E+11,29990978.23,2.02068E+11,161481.3445,96888034495,77427.54915,857.2110396,13178.0625,4.092979367,0.011213642,54784994.25,13178.0625,54784994.25,0.66756074,46.9501966,49.77498476,44.6933844,47.38239003,0.086722492,4157.28748,623.9960984,-12.21381556,25893509789,0.000193073,16.68147294,69349.67859,0.802658317,14299.54276,59447310.08,0.050659697,114488502.6,54327454.01,20758165.92,72778594.73,89082581.48,39993525.38,96452799.66,107506660.4,112343960.3,27760180.99,48183787.19,114488502.6,61.92967383,94544924.04,115111452.8,117406542.9,78450489.95,111727773.7,116894529.5,49231375.01,104882730.8,117509850,117421991,116963044.5,115334040.8,112170012.2,105691368.5,52394547.29,81179620.31,95800603.94,24875087.8,117517136.9,117496491.9,117319298.8,110051540.7,114399955.7,90576437.48,116577736.2,102290573.1,46268530.89,117024631.1,114299074.3,117518130.2,165444148.5,111869243.3,1251338,14.4830787,950147,2503038.086,10405848896,3.33324973,13857.27737,0.07,291.0101236,18.99699243,0.04487394,0.044988086,4362.77,4362.77,4077.15,4142.53,4979.315234
39,12/10/2021,0.05330193,0.201187329,2.911111111,615403,5578,1156975,18652609,1026,238697,5739301,124,36313,70320722,42320722,20108742,6383104,44030,153,280455,1285,1369093,6779,7,13210417,131976,33543871,717569,3101,54504455,3742358,19805,1639186845,6427,67807.10129,2.86019E+11,1.740415016,1.656757032,4.62057E+11,4.39847E+11,2.65487E+11,1.13E+16,1.13E+16,2.18E-05,0.007674004,30.17121412,0.003094975,12.16824565,9498.383158,37343967.71,370510.8185,1456705190,361361.3187,1420732897,101399,1.92765E+11,29993039.83,2.07598E+11,167724.3543,99206691191,80151.80244,843.2639951,13491.4375,4.190116342,0.011479771,53043112.49,13491.4375,53043112.49,0.667498769,44.62144032,47.01390814,42.47658424,44.75405131,0.082880328,3931.613105,601.5096588,-14.8993227,25952276927,0.000205157,17.72556985,69690.08271,0.806598179,14947.33484,58767137.56,0.050699887,114493168.6,54341861.14,19886183.66,72748429.51,89085968.26,39888162.43,96456945.07,107498370.9,112348432.2,25357769.96,48211451.04,114493168.6,61.9011351,94547337.48,115110550.8,117412088,78446844.43,111728469.7,116899158.8,49380590.21,104883697.1,117515292.3,117427550.8,116967711.9,115333761.2,112171039.1,105694685.7,52434805.52,81185817.88,95804888.27,24886610.86,117522520.3,117500713.7,117315409.6,109888052.5,114339431,90264885.78,116549041.8,102039770.7,46250475.49,117028802.3,114302216,117523579.2,165606455.9,111874475,1237735,14.32563657,958608,2633791.7,10355049965,3.464432375,13620.80773,0.070202999,276.0110324,18.97740056,0.04494496,0.045823781,4142.53,4199.47,3834.59,4013.01,21071.52944
40,12/11/2021,0.042780043,0.163500843,0.438888889,580530,5573,1154088,18683063,1026,238615,5744633,124,36298,70390202,42368165,20140732,6388220,44004,153,280390,1285,1366380,6779,7,13490931,136865,33893127,735757,3193,54749155,3835579,20567,1639273781,6488,66999.22334,2.96723E+11,1.791126839,1.705033765,4.79475E+11,4.56428E+11,2.67695E+11,1.14E+16,1.12E+16,1.78E-05,0.006443804,26.28804497,0.00289163,11.79665033,7728.595102,31529460.53,191089.4655,779565714.1,163230.8725,665914216.6,92936,1.94881E+11,30037081.05,1.995E+11,166335.1017,1.0029E+11,83617.81835,841.2742971,13601.5625,4.224075833,0.011572811,55488730.14,13601.5625,55488730.14,0.667740322,70.82880435,48.74775089,67.42431653,46.4046205,0.082713679,4079.584985,647.8839977,-13.70973161,25952276927,0.000199215,17.21214368,70218.40291,0.812712997,14480.13407,59072937.55,0.050707467,114499561.1,54299735,19109529.76,72733644.39,89092638.85,39742919.94,96322397.39,107494045.4,112354679.1,25174080.9,48216510.29,114499561.1,61.88499935,94558082.38,115112912.3,117418765.2,78479740.89,111733931.2,116904961.6,49395751.29,104894162.7,117522036.4,117434244.9,116973496.5,115336301,112176688.7,105703891.6,52454556.27,81216541.4,95820949.73,24837550.89,117529317.4,117508228.4,117328399.2,110017926.2,114391389.1,90517324.75,116577024.9,102242840.2,46265135.33,117034752.5,114310570.7,117530330.7,165944893.4,111881067.2,1199384,13.88175926,960998,1659357.825,6769491266,2.193909497,8950.240244,0.073584435,300.1939545,18.92761162,0.044976659,0.046189516,4013.01,4100,3935.19,4044.98,8434.023506
41,12/12/2021,0.091372134,0.343438456,0.219444444,597667,5583,1151123,18707985,1024,238935,5745358,124,36308,70477269,42426957,20166942,6389928,44015,153,280748,1286,1362636,6785,7,13599723,138244,34069311,742779,3217,54887454,3866340,20774,1639359744,6523,66346.28852,3.01151E+11,1.813298947,1.726140127,4.86725E+11,4.63329E+11,2.68419E+11,1.20E+16,1.13E+16,1.52E-05,0.005555217,23.00408338,0.00247438,10.24637873,6565.699339,27188480.14,105769.2929,437989340,109785.3195,454619656.8,90194,1.95903E+11,30032686.08,1.97329E+11,166959.4894,1.00783E+11,85272.24257,849.290525,13669.5625,4.244907222,0.011629883,56605490.05,13669.5625,56605490.05,0.667271898,120.2217771,49.68797033,114.4431446,47.29964663,0.082594152,4140.987691,628.3477311,-11.19022586,26011349864,0.000197608,17.07336476,70700.5933,0.818293904,14500.24692,60045344,0.05070618,114507001.1,54261851.68,19711122.43,72724440.61,89055818.94,39534590.14,96329738.67,107484656.6,112361760,26629830.82,48190873.8,114507001.1,61.87299128,94554886.66,115118825.8,117426559.1,78429981.28,111741478,116911967.4,49390017.69,104893279.7,117529960.3,117442053.1,116980610.7,115341401,112184676,105703219.3,52447155.13,81200785.13,95813520.36,24828454.19,117537266,117516452.6,117338307.9,110052844.8,114416961.1,90556436.27,116591556.7,102289419.3,46267347.58,117042475.9,114321119.3,117538265.3,166205109.1,111888619.6,1181898,13.679375,949095,977678.6546,4048555274,1.406566167,5824.573182,0.068477444,283.5642521,18.88801488,0.044976999,0.046296488,4044.98,4177.99,3952.59,3997.89,7244.408474
